distanceNew,timeNew
18.68167331398821,0.01
18.68167323985651,0.02
18.68167306642417,0.03
18.681673746867997,0.04
18.681673376730387,0.05
18.6816738659045,0.06
18.680686244058208,0.07
18.680640345746625,0.08
18.679680888286825,0.09
18.678786280859427,0.1
18.6780412843959,0.11
18.677446260252925,0.12
18.676964282706642,0.13
18.67647405917772,0.14
18.67603198303991,0.15
18.675622317292056,0.16
18.675231134894766,0.17
18.674845596021925,0.18
18.674459670136173,0.19
18.674069041322735,0.2
18.673673593965187,0.21
18.6732712393215,0.22
18.672864931524337,0.23
18.672450624166206,0.24
18.6720280105443,0.25
18.67159757084113,0.26
18.671160469105242,0.27
18.670724826063033,0.28
18.670314606548914,0.29
18.66981515929336,0.3
18.66907709452591,0.31
18.6679847791126,0.32
18.6664752985637,0.33
18.664533698062073,0.34
18.662163435875463,0.35000000000000003
18.659376869136693,0.36
18.656184756789173,0.37
18.652595243130076,0.38
18.648613804397616,0.39
18.644241253915876,0.4
18.63947442459963,0.41000000000000003
18.63435786066744,0.42
18.62885048205256,0.43
18.622933815856857,0.44
18.616603005556986,0.45
18.609857797666344,0.46
18.602702525182785,0.47000000000000003
18.59513739111609,0.48
18.587164089839504,0.49
18.578783839522178,0.5
18.569996428660883,0.51
18.56080312943323,0.52
18.55120289573045,0.53
18.54119624652516,0.54
18.530782434192815,0.55
18.51996330207079,0.56
18.508737611343182,0.5700000000000001
18.497107738062237,0.58
18.48507422407885,0.59
18.472635836949433,0.6
18.459795181455416,0.61
18.446551466771982,0.62
18.43290713901788,0.63
18.418862748927854,0.64
18.404419776997717,0.65
18.389577638378853,0.66
18.374336673998684,0.67
18.35869921051417,0.68
18.342664833244203,0.6900000000000001
18.32625628533294,0.7000000000000001
18.30958990941547,0.71
18.292783165154013,0.72
18.27591977913576,0.73
18.259046934418173,0.74
18.242186318665507,0.75
18.225343250342213,0.76
18.20851425749434,0.77
18.1916947536974,0.78
18.174879420799623,0.79
18.15806657845946,0.8
18.141255761389033,0.81
18.124447264359773,0.8200000000000001
18.107642599858416,0.8300000000000001
18.090843830816706,0.84
18.074053994067576,0.85
18.057274874176596,0.86
18.040506851301462,0.87
18.02375081611052,0.88
18.007008180233843,0.89
17.9902771479417,0.9
17.973558494317945,0.91
17.956851791963903,0.92
17.94015782047547,0.93
17.923474781462076,0.9400000000000001
17.90680495991129,0.9500000000000001
17.89014620572558,0.96
17.873498043713642,0.97
17.856857997181457,0.98
17.840227361452037,0.99
17.823601630054473,1.0
17.806980793972738,1.01
17.790363423489552,1.02
17.77374831935685,1.03
17.757134900097057,1.04
17.740522644661358,1.05
17.723910832806116,1.06
17.707294712382218,1.07
17.690676758701795,1.08
17.674054645672797,1.09
17.657430894349428,1.1
17.640804467799335,1.11
17.62417662173068,1.12
17.60754823256029,1.1300000000000001
17.590914514987265,1.1400000000000001
17.57427840950712,1.1500000000000001
17.5576366483137,1.16
17.540990766627605,1.17
17.524338841681523,1.18
17.507682846643032,1.19
17.491024756194427,1.2
17.474360788763274,1.21
17.45769471443487,1.22
17.441024617331788,1.23
17.4243524821767,1.24
17.4076765520896,1.25
17.390999025122916,1.26
17.374321809122286,1.27
17.357641445103514,1.28
17.34096030930217,1.29
17.324278879494805,1.3
17.307597565202286,1.31
17.290914858769234,1.32
17.274234988971237,1.33
17.25755461534353,1.34
17.240877825428203,1.35
17.224198474183904,1.36
17.20752207563422,1.37
17.19084493516193,1.3800000000000001
17.174167389260823,1.3900000000000001
17.157491739836807,1.4000000000000001
17.140816444702644,1.41
17.124141776860647,1.42
17.10746791796547,1.43
17.09079498272691,1.44
17.074123019949518,1.45
17.057452048449377,1.46
17.040779687442217,1.47
17.024111396351724,1.48
17.00744365087339,1.49
16.990780160504674,1.5
16.974116907415137,1.51
16.957457522103237,1.52
16.94079612428722,1.53
16.924136397643537,1.54
16.907476317734442,1.55
16.89081769129818,1.56
16.874157323752407,1.57
16.857498318766883,1.58
16.840838336114455,1.59
16.824177604389277,1.6
16.807518333534702,1.61
16.790856912894917,1.62
16.774195253590165,1.6300000000000001
16.757533290916292,1.6400000000000001
16.740869022740434,1.6500000000000001
16.724206175024552,1.6600000000000001
16.707538942000543,1.67
16.69087297099467,1.68
16.674204393838927,1.69
16.657535074453907,1.7
16.64086498929306,1.71
16.62419383054644,1.72
16.607522763385848,1.73
16.590853828267072,1.74
16.57418496387223,1.75
16.557516023656447,1.76
16.54084886445035,1.77
16.524181601612092,1.78
16.50751423306939,1.79
16.49084666693594,1.8
16.474179002269537,1.81
16.457513309997417,1.82
16.440845933840205,1.83
16.424178942496837,1.84
16.407514377723192,1.85
16.39085052652469,1.86
16.37418573153124,1.87
16.35752326424764,1.8800000000000001
16.340860491722047,1.8900000000000001
16.32419700296086,1.9000000000000001
16.3075327479675,1.9100000000000001
16.290867920526658,1.92
16.274202806345627,1.93
16.25753767794379,1.94
16.240870838647794,1.95
16.22420624260569,1.96
16.207542064409708,1.97
16.190876440579615,1.98
16.174211306029004,1.99
16.157546674179997,2.0
16.140882572408795,2.0100000000000002
16.12421947234586,2.02
16.107553965918168,2.0300000000000002
16.090891551958823,2.04
16.074226668199124,2.05
16.057563287074466,2.06
16.0408995655731,2.07
16.0242354736709,2.08
16.00757094851434,2.09
15.990903995534449,2.1
15.974236455742542,2.11
15.957568265521687,2.12
15.940897451142407,2.13
15.924225976524717,2.14
15.90755200080855,2.15
15.890876914492724,2.16
15.874202862892263,2.17
15.857532024184426,2.18
15.84086415781719,2.19
15.82419708662179,2.2
15.807532536961247,2.21
15.790868513442598,2.22
15.77420305491055,2.23
15.75753803743035,2.24
15.740873436616367,2.25
15.724209239521512,2.2600000000000002
15.707543522765143,2.27
15.690880101642614,2.2800000000000002
15.674215174781594,2.29
15.657550668795734,2.3000000000000003
15.640886621412093,2.31
15.624223076742561,2.32
15.607560037837427,2.33
15.590897572397777,2.34
15.574235039764938,2.35
15.557574204227258,2.36
15.540911233099575,2.37
15.524251846361693,2.38
15.507590302360013,2.39
15.490928469847567,2.4
15.474268241498825,2.41
15.45760572291274,2.42
15.440942734819929,2.43
15.42428112916794,2.44
15.407618959193588,2.45
15.390954313264254,2.46
15.374291087200472,2.47
15.357627465982864,2.48
15.340963544277901,2.49
15.324299392563539,2.5
15.307633163504338,2.5100000000000002
15.290968726252611,2.52
15.27430422651983,2.5300000000000002
15.257639717911434,2.54
15.240975267330104,2.5500000000000003
15.224309038691352,2.56
15.207644934564124,2.57
15.190979237487085,2.58
15.174313959675363,2.59
15.15764920848041,2.6
15.140984509737704,2.61
15.124321392696706,2.62
15.107661888000376,2.63
15.091001855162594,2.64
15.074344436366957,2.65
15.057685390036093,2.66
15.041028301214157,2.67
15.024367933600853,2.68
15.007707886763587,2.69
14.991045973849996,2.7
14.974384376989061,2.71
14.95771960332684,2.72
14.94105571316162,2.73
14.924391005700944,2.74
14.907723763194257,2.75
14.891056050550342,2.7600000000000002
14.874387602438285,2.77
14.857719912384868,2.7800000000000002
14.841053186635836,2.79
14.824389172217638,2.8000000000000003
14.807723874529636,2.81
14.791060988680117,2.82
14.774398572370409,2.83
14.757734716638051,2.84
14.741071366238783,2.85
14.724408566728684,2.86
14.707746382182172,2.87
14.69108483923703,2.88
14.674423871935797,2.89
14.65776145034352,2.9
14.641101251286681,2.91
14.62444128801857,2.92
14.607781139114572,2.93
14.59112069654575,2.94
14.574459928350402,2.95
14.557798833512694,2.96
14.541137384002663,2.97
14.524475505106867,2.98
14.507815033497785,2.99
14.491152098078555,3.0
14.47449048598616,3.0100000000000002
14.457826431439694,3.02
14.441163848926147,3.0300000000000002
14.424500930937745,3.04
14.407835848316768,3.0500000000000003
14.391172476027714,3.06
14.374508952178937,3.0700000000000003
14.35784532229449,3.08
14.341179726173644,3.09
14.32451607416952,3.1
14.307853033546628,3.11
14.291188873312022,3.12
14.27452740265098,3.13
14.257864728164144,3.14
14.241204192759065,3.15
14.22454320394245,3.16
14.207885857372903,3.17
14.191228355768532,3.18
14.174574523600779,3.19
14.157920609598863,3.2
14.141268630609536,3.21
14.12461873727388,3.22
14.107969180988114,3.23
14.091320439377936,3.24
14.074670416615746,3.25
14.058021620492795,3.2600000000000002
14.041370051053786,3.27
14.024715928949151,3.2800000000000002
14.00806146605996,3.29
13.991405158586433,3.3000000000000003
13.974745543630693,3.31
13.958086828331561,3.3200000000000003
13.941425513383905,3.33
13.92476564777172,3.34
13.908103598816082,3.35
13.891441421648919,3.36
13.874777334540566,3.37
13.858115062816635,3.38
13.841453604160217,3.39
13.824795050131018,3.4
13.808135579418156,3.41
13.791479001746824,3.42
13.77482344110774,3.43
13.758166914058895,3.44
13.741513062627293,3.45
13.724859768657417,3.46
13.708204921128901,3.47
13.691552141745486,3.48
13.67489743477655,3.49
13.65824254331626,3.5
13.64158923130703,3.5100000000000002
13.624933544350855,3.52
13.60827920514146,3.5300000000000002
13.591622346184014,3.54
13.57496483399951,3.5500000000000003
13.558308537972415,3.56
13.541649633101668,3.5700000000000003
13.524990133578962,3.58
13.508332159419622,3.59
13.491672090959213,3.6
13.475012000778191,3.61
13.458350116258543,3.62
13.44169036029757,3.63
13.42502919657082,3.64
13.408369924006001,3.65
13.391710622858277,3.66
13.375051438215142,3.67
13.358394455157427,3.68
13.341736024580435,3.69
13.325080116538224,3.7
13.308424956682247,3.71
13.29177046505099,3.72
13.275114565002253,3.73
13.258460873882662,3.74
13.241805087208844,3.75
13.225151903304894,3.7600000000000002
13.208497492291148,3.77
13.191845354112106,3.7800000000000002
13.175190858907959,3.79
13.158535934072647,3.8000000000000003
13.141879312917116,3.81
13.125220858748415,3.8200000000000003
13.108562675013598,3.83
13.091903076961001,3.84
13.075242422281447,3.85
13.05858169824261,3.86
13.041924998346792,3.87
13.025269144022177,3.88
13.00861770976741,3.89
12.991966467186623,3.9
12.97531885540676,3.91
12.958670582903233,3.92
12.942021594899828,3.93
12.92537150424287,3.94
12.908720525027775,3.95
12.892067103750964,3.96
12.875415391913968,3.97
12.858761841051953,3.98
12.842108598321326,3.99
12.825455242362002,4.0
12.808801551812861,4.01
12.7921492860762,4.0200000000000005
12.775496420245803,4.03
12.758842849249534,4.04
12.742188481514837,4.05
12.725533241174643,4.0600000000000005
12.708878977678175,4.07
12.69222184366309,4.08
12.675563702289066,4.09
12.658904520607855,4.1
12.642246193465489,4.11
12.625584904975927,4.12
12.60892460451937,4.13
12.592264531290878,4.14
12.575608829580927,4.15
12.558955245032848,4.16
12.542301488909374,4.17
12.525650881871822,4.18
12.508999156802737,4.19
12.492345994281516,4.2
12.475689841475704,4.21
12.45903496117737,4.22
12.442379812170945,4.23
12.425724656742187,4.24
12.40906777680541,4.25
12.392413131707146,4.26
12.375756931848677,4.2700000000000005
12.359100752571067,4.28
12.3424467935984,4.29
12.325791109690075,4.3
12.309137295279337,4.3100000000000005
12.29248133547543,4.32
12.275826888669283,4.33
12.259168117175976,4.34
12.242508920539263,4.3500000000000005
12.22585053810449,4.36
12.209189041159236,4.37
12.192530206806124,4.38
12.175868396225408,4.39
12.159207738394368,4.4
12.14254937064047,4.41
12.125893577459259,4.42
12.109237950748867,4.43
12.092586285449,4.44
12.07593450995694,4.45
12.059286178454885,4.46
12.042637241698511,4.47
12.025989384023617,4.48
12.009342377324554,4.49
11.992695871695837,4.5
11.976048533230122,4.51
11.959398348379429,4.5200000000000005
11.942747561989748,4.53
11.926096366155617,4.54
11.909446778825881,4.55
11.89279488582231,4.5600000000000005
11.87614434248428,4.57
11.859494990729807,4.58
11.842842881165458,4.59
11.82618980925263,4.6000000000000005
11.809537597049536,4.61
11.792882365493796,4.62
11.776227886991148,4.63
11.759570320614213,4.64
11.74291155970087,4.65
11.726253515162037,4.66
11.709592393769313,4.67
11.692932042576999,4.68
11.676268684338797,4.69
11.659606434725813,4.7
11.642942047451918,4.71
11.626281614740227,4.72
11.609623149504547,4.73
11.59296609619856,4.74
11.576308120494017,4.75
11.559652818595525,4.76
11.542998187960102,4.7700000000000005
11.526344063584336,4.78
11.509689465310421,4.79
11.493032563786983,4.8
11.476377510379697,4.8100000000000005
11.459720753441516,4.82
11.443066173396248,4.83
11.426411671540226,4.84
11.409755114730894,4.8500000000000005
11.39310012580089,4.86
11.376442740937836,4.87
11.359782845096957,4.88
11.343122255645818,4.89
11.326458995920042,4.9
11.30979302627339,4.91
11.293128089568539,4.92
11.276464171249142,4.93
11.259799375963627,4.94
11.24313563836161,4.95
11.226473269272768,4.96
11.209813171228678,4.97
11.193155317703232,4.98
11.176499112174088,4.99
11.15984217557626,5.0
11.143188076892157,5.01
11.126532893329856,5.0200000000000005
11.1098784628429,5.03
11.093226604903666,5.04
11.076573393678443,5.05
11.059920529720468,5.0600000000000005
11.043269722492287,5.07
11.026616934964427,5.08
11.009965520655161,5.09
10.993313669293121,5.1000000000000005
10.976659433410827,5.11
10.960006515294342,5.12
10.943350977370333,5.13
10.926694619923868,5.14
10.910037357990593,5.15
10.893381036937928,5.16
10.876721800151769,5.17
10.860061532788517,5.18
10.843400232825589,5.19
10.826737908639156,5.2
10.810074583234233,5.21
10.793410294786808,5.22
10.776745379236893,5.23
10.760080766843794,5.24
10.743420194119965,5.25
10.726761103631757,5.26
10.710101058629862,5.2700000000000005
10.69344370572418,5.28
10.676787058260997,5.29
10.660131062010665,5.3
10.643475643100675,5.3100000000000005
10.626822440213582,5.32
10.610166126880156,5.33
10.593510543901496,5.34
10.576854214826295,5.3500000000000005
10.560197549064053,5.36
10.543538921358437,5.37
10.526882259240367,5.38
10.510225488026565,5.39
10.493566596630785,5.4
10.476908911882571,5.41
10.460250348557317,5.42
10.443588946620984,5.43
10.42692660744163,5.44
10.41026333341933,5.45
10.393597227320353,5.46
10.376928305343853,5.47
10.360256485845472,5.48
10.343586091567701,5.49
10.326917305308845,5.5
10.310250760625964,5.51
10.293586914318777,5.5200000000000005
10.276925408321384,5.53
10.260267440525368,5.54
10.243610671287609,5.55
10.226954963605227,5.5600000000000005
10.210300322997298,5.57
10.19364485926749,5.58
10.176992349198448,5.59
10.160338718103311,5.6000000000000005
10.143686346081525,5.61
10.127031074344526,5.62
10.110377017216122,5.63
10.093722643980227,5.64
10.077066329178399,5.65
10.060411952132277,5.66
10.043755516070618,5.67
10.027098712851993,5.68
10.01044327206016,5.69
9.99378524505546,5.7
9.977126445769796,5.71
9.960466804399937,5.72
9.94380436693945,5.73
9.92714292118471,5.74
9.910480555674747,5.75
9.893817256933605,5.76
9.877153028508568,5.7700000000000005
9.860487892695119,5.78
9.843821843495979,5.79
9.827153130462328,5.8
9.810485894106291,5.8100000000000005
9.793818481884541,5.82
9.77715294965783,5.83
9.760485551102256,5.84
9.743820130225629,5.8500000000000005
9.727152885208042,5.86
9.710487650186254,5.87
9.693820636075854,5.88
9.677155693767595,5.89
9.660490963137613,5.9
9.643826498378251,5.91
9.627162362477716,5.92
9.61049684542287,5.93
9.593833213980998,5.94
9.577169351470465,5.95
9.560503299372993,5.96
9.543836967652677,5.97
9.527170360774221,5.98
9.51050156309186,5.99
9.493830552104681,6.0
9.477157100126803,6.01
9.460485717779418,6.0200000000000005
9.44381650423181,6.03
9.427149369564422,6.04
9.410482311563378,6.05
9.393817185007439,6.0600000000000005
9.377152241452572,6.07
9.36048922370055,6.08
9.343827684737024,6.09
9.327165068017283,6.1000000000000005
9.310504830688355,6.11
9.293843213171634,6.12
9.2771835850196,6.13
9.260522126482753,6.140000000000001
9.243862731181963,6.15
9.227201609528613,6.16
9.210540623647303,6.17
9.193879673155633,6.18
9.177218636689403,6.19
9.160557386878935,6.2
9.143893900228692,6.21
9.127231890951762,6.22
9.110567465882593,6.23
9.093902421101358,6.24
9.077236893932312,6.25
9.06057086261941,6.26
9.043904272407916,6.2700000000000005
9.027238990810382,6.28
9.010573100062375,6.29
8.993906609165688,6.3
8.977237650334475,6.3100000000000005
8.96057011692178,6.32
8.943902383626854,6.33
8.927235679105605,6.34
8.910569931173882,6.3500000000000005
8.893904853394767,6.36
8.877240304696329,6.37
8.86057823732001,6.38
8.843915007758847,6.390000000000001
8.827254656945435,6.4
8.810593611059314,6.41
8.793935916100382,6.42
8.777279879446278,6.43
8.760623802875898,6.44
8.743971701695397,6.45
8.727321867813734,6.46
8.710674506166503,6.47
8.694029824569238,6.48
8.677386129814067,6.49
8.660747460086759,6.5
8.644112133191818,6.51
8.627478479339631,6.5200000000000005
8.61084891859408,6.53
8.594224645827605,6.54
8.577601866714204,6.55
8.560984661980095,6.5600000000000005
8.544369529215476,6.57
8.527758658106478,6.58
8.51115041856546,6.59
8.494545052670484,6.6000000000000005
8.477944397990427,6.61
8.461344219702802,6.62
8.444747416755412,6.63
8.428156495982227,6.640000000000001
8.411569142582646,6.65
8.394988485148978,6.66
8.378411930010813,6.67
8.361836968666628,6.68
8.34526308197132,6.69
8.32869172709766,6.7
8.312118560921284,6.71
8.29554564437498,6.72
8.278970798965657,6.73
8.262398085827755,6.74
8.245834046340685,6.75
8.229277908300425,6.76
8.212730107945443,6.7700000000000005
8.19618893088066,6.78
8.179658333387737,6.79
8.163136582661263,6.8
8.146623906412884,6.8100000000000005
8.130118682827321,6.82
8.113625045229814,6.83
8.097141417102687,6.84
8.080668106933427,6.8500000000000005
8.06420528534706,6.86
8.04775296856389,6.87
8.031308714005759,6.88
8.014875364097035,6.890000000000001
7.998447864888182,6.9
7.982022479110956,6.91
7.9655999801799116,6.92
7.949181479839449,6.93
7.932762526148512,6.94
7.916344458723811,6.95
7.8999244248123235,6.96
7.8835070364858995,6.97
7.867090202969878,6.98
7.850673420847805,6.99
7.8342571710764215,7.0
7.817855793169129,7.01
7.801470709545185,7.0200000000000005
7.785107561006928,7.03
7.768764720269095,7.04
7.752439513467341,7.05
7.7361309190074685,7.0600000000000005
7.719837890246102,7.07
7.703561058951022,7.08
7.687298194985868,7.09
7.671048011986082,7.1000000000000005
7.65481309065129,7.11
7.638591920597769,7.12
7.622384464371992,7.13
7.6061921255383504,7.140000000000001
7.590012052741084,7.15
7.573838611079565,7.16
7.557676459148443,7.17
7.541528884408248,7.18
7.525392572383716,7.19
7.509266092095119,7.2
7.49314634133502,7.21
7.4770342413819355,7.22
7.460925097586772,7.23
7.4448219348002365,7.24
7.428722053894375,7.25
7.412625917513159,7.26
7.396547310655846,7.2700000000000005
7.38049637239194,7.28
7.364473213908368,7.29
7.348476255608241,7.3
7.332509154856592,7.3100000000000005
7.316569862499262,7.32
7.300656427858615,7.33
7.284772746327475,7.34
7.268917273516868,7.3500000000000005
7.253084009022714,7.36
7.237269535293807,7.37
7.221477753875802,7.38
7.205707121265755,7.390000000000001
7.189957779157593,7.4
7.174227505712214,7.41
7.158519540783331,7.42
7.142830802146972,7.43
7.127157704359341,7.44
7.11149584006236,7.45
7.09584417514129,7.46
7.0801974070427836,7.47
7.0645565348812,7.48
7.048920828453442,7.49
7.033289521115407,7.5
7.017659964032193,7.51
7.002037046151479,7.5200000000000005
6.98644305408283,7.53
6.970880908632265,7.54
6.955360461602926,7.55
6.939882627761772,7.5600000000000005
6.924443152731919,7.57
6.9090468131327905,7.58
6.893687641166844,7.59
6.878369699758921,7.6000000000000005
6.863089250698587,7.61
6.847844683021614,7.62
6.83263260475494,7.63
6.817453083012721,7.640000000000001
6.802304614090252,7.65
6.787191214403361,7.66
6.772112620440715,7.67
6.757058516175299,7.68
6.742015078968214,7.69
6.7269819459608655,7.7
6.71195947179364,7.71
6.696948159913515,7.72
6.681946138110904,7.73
6.666952999351521,7.74
6.651970032571962,7.75
6.636994093710184,7.76
6.622017709449551,7.7700000000000005
6.607039281703584,7.78
6.592102482404445,7.79
6.577224480723378,7.8
6.562403251137358,7.8100000000000005
6.547641031645549,7.82
6.532930156300221,7.83
6.518268069440143,7.84
6.5036467164226925,7.8500000000000005
6.489068011966539,7.86
6.474534648220289,7.87
6.460043593648262,7.88
6.445599209837671,7.890000000000001
6.4311998085575235,7.9
6.416842829714153,7.91
6.402523718180361,7.92
6.388235656386776,7.930000000000001
6.373981417119999,7.94
6.3597584882138545,7.95
6.345564261839409,7.96
6.331401421632946,7.97
6.317266449524257,7.98
6.303148437754179,7.99
6.289048223434862,8.0
6.274963297766253,8.01
6.260891651623933,8.02
6.246837014302342,8.03
6.232799585550071,8.040000000000001
6.218814311915549,8.05
6.204882662926669,8.06
6.191008744700343,8.07
6.17719064708657,8.08
6.163428702167086,8.09
6.149723613017848,8.1
6.136072892759374,8.11
6.122480456135712,8.120000000000001
6.1089361457774976,8.13
6.095438609321943,8.14
6.081988961491815,8.15
6.068586873326204,8.16
6.055237354532735,8.17
6.0419373027356045,8.18
6.0286967881507865,8.19
6.015478757381423,8.2
6.002279338048478,8.21
5.989095611101866,8.22
5.975931611595034,8.23
5.962788722727018,8.24
5.949664936677429,8.25
5.936559513102602,8.26
5.923464153063571,8.27
5.910374439848139,8.28
5.897288637730014,8.290000000000001
5.884208050480025,8.3
5.871191181137713,8.31
5.858261228864006,8.32
5.845411655894885,8.33
5.832630093402654,8.34
5.819911384960413,8.35
5.807253042555075,8.36
5.794658076161469,8.370000000000001
5.782126125070701,8.38
5.769656478786042,8.39
5.757253109557391,8.4
5.744903520811044,8.41
5.7326034660222955,8.42
5.72035711585161,8.43
5.708163259212363,8.44
5.696020372265454,8.45
5.683931660749638,8.46
5.671892001535122,8.47
5.659898845571614,8.48
5.647939261372555,8.49
5.636009393253522,8.5
5.62410672966092,8.51
5.612234873645398,8.52
5.60039121729223,8.53
5.588575745748608,8.540000000000001
5.576787878831819,8.55
5.565017800993356,8.56
5.553289564582345,8.57
5.541617758989908,8.58
5.5300051303127065,8.59
5.5184540486304785,8.6
5.5069665468542075,8.61
5.49554289430144,8.620000000000001
5.484188039862465,8.63
5.472889611827363,8.64
5.461647033708663,8.65
5.450463073550835,8.66
5.439340753580874,8.67
5.428288619425134,8.68
5.417284696235581,8.69
5.406322483719527,8.700000000000001
5.395400995538469,8.71
5.38451147990674,8.72
5.373652647929792,8.73
5.3628237393198805,8.74
5.352015403111639,8.75
5.341270665997679,8.76
5.330596990887672,8.77
5.319989573968846,8.78
5.309441604023045,8.790000000000001
5.298934253089248,8.8
5.288478739994938,8.81
5.278021492965039,8.82
5.267570133319629,8.83
5.257140871484497,8.84
5.246743962391224,8.85
5.236389595176131,8.86
5.226069205401779,8.870000000000001
5.215833954305024,8.88
5.205676983171221,8.89
5.195594214015739,8.9
5.185582547395331,8.91
5.175637233522179,8.92
5.165762179118337,8.93
5.155956419499682,8.94
5.146220391276199,8.950000000000001
5.136554290888842,8.96
5.126954853027676,8.97
5.117410522899851,8.98
5.107915940660159,8.99
5.098471205913739,9.0
5.089075000168738,9.01
5.079730787864267,9.02
5.070439325224566,9.03
5.06118684986449,9.040000000000001
5.051969877783821,9.05
5.042793492825506,9.06
5.033656345089251,9.07
5.024543794375472,9.08
5.015447821117958,9.09
5.006376563790837,9.1
4.997334779937506,9.11
4.988326961829921,9.120000000000001
4.979361323149135,9.13
4.970438452488885,9.14
4.961563019718108,9.15
4.952737956982551,9.16
4.943965508892255,9.17
4.9352386656735066,9.18
4.926569946399965,9.19
4.917964470152365,9.200000000000001
4.909424473054346,9.21
4.900951564711572,9.22
4.89254872705691,9.23
4.88421538471187,9.24
4.875952463224375,9.25
4.8677590632786805,9.26
4.8596391055476955,9.27
4.851590759375433,9.28
4.843612194637739,9.290000000000001
4.835704861159613,9.3
4.8278693119966025,9.31
4.820033115617004,9.32
4.812187794789079,9.33
4.804335703013721,9.34
4.796484284476326,9.35
4.78862218422896,9.36
4.780754366743886,9.370000000000001
4.772891890889123,9.38
4.765047152667774,9.39
4.757226557414462,9.4
4.749436863690394,9.41
4.741665950348318,9.42
4.733988291701153,9.43
4.726416453387811,9.44
4.718929610327186,9.450000000000001
4.711514487818785,9.46
4.704169332685785,9.47
4.696893679449798,9.48
4.689680870640564,9.49
4.682528753916199,9.5
4.6754411670205,9.51
4.668416558657012,9.52
4.661452726849566,9.53
4.654551694326048,9.540000000000001
4.647710120713169,9.55
4.6409242378667415,9.56
4.634195300765289,9.57
4.62751910610012,9.58
4.62089304846316,9.59
4.614313154089155,9.6
4.607775494100091,9.61
4.601236777192813,9.620000000000001
4.5946942140264735,9.63
4.588139914474122,9.64
4.581582944237475,9.65
4.575036270780347,9.66
4.56850979103908,9.67
4.56201533248193,9.68
4.555557788252878,9.69
4.5491425280338875,9.700000000000001
4.542774318440163,9.71
4.536457481060882,9.72
4.530195655207017,9.73
4.523990765088503,9.74
4.517848704893566,9.75
4.511770221059675,9.76
4.505757453761668,9.77
4.499811701310856,9.78
4.493932464810309,9.790000000000001
4.488123374824847,9.8
4.482402726933515,9.81
4.476701950879209,9.82
4.47100616582089,9.83
4.465321363154721,9.84
4.459649987989599,9.85
4.453996592115824,9.86
4.448360061787997,9.870000000000001
4.4427062621506,9.88
4.437074790638207,9.89
4.431483627281614,9.9
4.425940457187402,9.91
4.4204808596060134,9.92
4.4149919271010845,9.93
4.40946416017642,9.94
4.403909807548791,9.950000000000001
4.398352015702289,9.96
4.3927790541133565,9.97
4.387296495993563,9.98
4.381926465862122,9.99
4.376657312536179,10.0
4.371476454476234,10.01
4.366377112629011,10.02
4.361352684958103,10.03
4.3564005450720975,10.040000000000001
4.3515184809901,10.05
4.346702714699165,10.06
4.341953797718447,10.07
4.337267201315979,10.08
4.332638608900872,10.09
4.328067023564418,10.1
4.323546289842089,10.11
4.319075345785526,10.120000000000001
4.314657040333274,10.13
4.310246915464039,10.14
4.3057606156280315,10.15
4.301198460174825,10.16
4.296585731572847,10.17
4.291944991804941,10.18
4.287296221342765,10.19
4.282650713788837,10.200000000000001
4.278014947538126,10.21
4.273390436818191,10.22
4.2687826686532135,10.23
4.264193016413809,10.24
4.259623474652834,10.25
4.255079141011091,10.26
4.25056011241836,10.27
4.246069237408077,10.28
4.241607688111143,10.290000000000001
4.237175939555964,10.3
4.23275740921381,10.31
4.228407271285097,10.32
4.224138673640202,10.33
4.219948220946664,10.34
4.215827319180229,10.35
4.211773913230776,10.36
4.207783715555036,10.370000000000001
4.203854794319697,10.38
4.199986627306654,10.39
4.196200475025632,10.4
4.1924849569729234,10.41
4.1887372885488166,10.42
4.184951203711415,10.43
4.181182472837775,10.44
4.177327765677111,10.450000000000001
4.17337809260723,10.46
4.169354683854879,10.47
4.165277963014515,10.48
4.1611658373444405,10.49
4.157032610012332,10.5
4.152889648311566,10.51
4.148744855094471,10.52
4.144603482421024,10.53
4.140471770714242,10.540000000000001
4.136361332671253,10.55
4.132250445922607,10.56
4.128242835520272,10.57
4.124353522832051,10.58
4.120586907465198,10.59
4.11693033436551,10.6
4.113366069541208,10.61
4.109883199706611,10.620000000000001
4.10647144118039,10.63
4.103126657631798,10.64
4.099842448383031,10.65
4.096612390365939,10.66
4.093433479317878,10.67
4.090288587640638,10.68
4.087065587995901,10.69
4.083755710919986,10.700000000000001
4.080381965665771,10.71
4.076965506107959,10.72
4.07352369171883,10.73
4.070085981386868,10.74
4.0666633981117775,10.75
4.063255733626113,10.76
4.059867795540883,10.77
4.056505855829782,10.78
4.053176089513036,10.790000000000001
4.049884111910658,10.8
4.046633128993562,10.81
4.043427750022476,10.82
4.040267990460659,10.83
4.037154019587365,10.84
4.034087060768685,10.85
4.031087080082666,10.86
4.028155196475719,10.870000000000001
4.025286890479094,10.88
4.022475914368805,10.89
4.019720426478218,10.9
4.017015945154533,10.91
4.014359205821979,10.92
4.011749251566482,10.93
4.009182874291319,10.94
4.00665529713579,10.950000000000001
4.004058339452081,10.96
4.001407864033389,10.97
3.9987681506238038,10.98
3.9960269266381,10.99
3.9931739290286252,11.0
3.990229887594885,11.01
3.987218161386651,11.02
3.9841529858716216,11.03
3.9810484550778513,11.040000000000001
3.9779195862782935,11.05
3.9747977836482464,11.06
3.971697620048281,11.07
3.968620796087909,11.08
3.9655687789251015,11.09
3.962540053223004,11.1
3.959497861334558,11.11
3.9565628086801965,11.120000000000001
3.9537482472726126,11.13
3.951033729226336,11.14
3.9484000473404515,11.15
3.945852084047414,11.16
3.943381950247378,11.17
3.9409797429758164,11.18
3.938634808428395,11.19
3.9363389427909965,11.200000000000001
3.9340859303270856,11.21
3.9318898480213793,11.22
3.9297456827325448,11.23
3.927645630437196,11.24
3.925604029352669,11.25
3.9236146690572236,11.26
3.921673083257706,11.27
3.9197688451631327,11.28
3.9178939902954006,11.290000000000001
3.9160392891753957,11.3
3.9141971648799854,11.31
3.9123620652224202,11.32
3.9105349998253756,11.33
3.9087382728222053,11.34
3.9069774081682893,11.35
3.9052586982912993,11.36
3.9035889304247418,11.370000000000001
3.9019742606295433,11.38
3.9004217380759205,11.39
3.898937111039462,11.4
3.897525520090039,11.41
3.8961948282483823,11.42
3.894972473709736,11.43
3.893865495008169,11.44
3.8928768322234912,11.450000000000001
3.8920070128321536,11.46
3.891256746996452,11.47
3.890619639885006,11.48
3.889984587344439,11.49
3.889330171883223,11.5
3.888663695229032,11.51
3.8880563782153548,11.52
3.887380259303664,11.53
3.886608847954182,11.540000000000001
3.885749030293744,11.55
3.8848105977796217,11.56
3.8838011236587184,11.57
3.8827224174434765,11.58
3.8815738606990777,11.59
3.8803610311775008,11.6
3.8791151851311203,11.61
3.8778494160143646,11.620000000000001
3.876536409086008,11.63
3.875339897191403,11.64
3.8742844957792584,11.65
3.8733571372348843,11.66
3.8725391290648985,11.67
3.871822445525245,11.68
3.871225085156737,11.69
3.8707504325599857,11.700000000000001
3.8703963277035673,11.71
3.8701610601208407,11.72
3.8700424171604144,11.73
3.870033413516301,11.74
3.869998260238479,11.75
3.8702657058100676,11.76
3.870376825786586,11.77
3.8702894737830897,11.78
3.870019107031707,11.790000000000001
3.8696054125447206,11.8
3.869081855204821,11.81
3.8683468447133746,11.82
3.867831102410745,11.83
3.8675486764838127,11.84
3.8674587706841077,11.85
3.8675388607095464,11.86
3.8677568816432997,11.870000000000001
3.8680903014220487,11.88
3.8685286770217058,11.89
3.8690693145444417,11.9
3.8697115344694666,11.91
3.8704562038085744,11.92
3.8714068860133275,11.93
3.87226305541446,11.94
3.872985717919458,11.950000000000001
3.873842240771638,11.96
3.874879886060189,11.97
3.876086638910395,11.98
3.8774383589552706,11.99
3.878914876466068,12.0
3.8805025786955634,12.01
3.8821915498249373,12.02
3.8839773332933403,12.030000000000001
3.8858763176209505,12.040000000000001
3.8878854071243043,12.05
3.889927408451639,12.06
3.892222932944655,12.07
3.8947910634368967,12.08
3.8975936465558854,12.09
3.90058776259685,12.1
3.90374091987319,12.11
3.90703154424459,12.120000000000001
3.91044335055259,12.13
3.9139635800054804,12.14
3.9175811703081926,12.15
3.9212850857647377,12.16
3.925064791038372,12.17
3.9289102528103554,12.18
3.932812285854148,12.19
3.9367643937016967,12.200000000000001
3.9407816075276227,12.21
3.944861024175647,12.22
3.9489972348300753,12.23
3.9531869321619237,12.24
3.957429827816425,12.25
3.961750412066049,12.26
3.9660652823710363,12.27
3.970369953320085,12.280000000000001
3.9746809970661907,12.290000000000001
3.97901776789939,12.3
3.9833942354236767,12.31
3.9878203860512635,12.32
3.9923042410624587,12.33
3.9968526912231663,12.34
4.0014714355931345,12.35
4.0061651272539285,12.36
4.010762362267661,12.370000000000001
4.0152458868334895,12.38
4.0196560592583905,12.39
4.024015603150355,12.4
4.028331238207059,12.41
4.03260260435198,12.42
4.036828144464918,12.43
4.041006027350311,12.44
4.045135156250086,12.450000000000001
4.049215675442175,12.46
4.053248921887578,12.47
4.057236747512701,12.48
4.061183239128804,12.49
4.065093644408474,12.5
4.068977127400208,12.51
4.072862448680774,12.52
4.076760069107089,12.530000000000001
4.080645646761428,12.540000000000001
4.084622128052741,12.55
4.088711667509769,12.56
4.092912006479638,12.57
4.097218752953425,12.58
4.101629116484645,12.59
4.106144238438815,12.6
4.110767765371156,12.61
4.115499959657104,12.620000000000001
4.120181106167088,12.63
4.124787566733023,12.64
4.129332460835334,12.65
4.133832235360067,12.66
4.138349585547364,12.67
4.142707489834232,12.68
4.146878765479484,12.69
4.150880025443947,12.700000000000001
4.154734611517112,12.71
4.158483071256103,12.72
4.162145380066005,12.73
4.165729090423242,12.74
4.169242538186,12.75
4.172692858255305,12.76
4.176043651387772,12.77
4.179467036023648,12.780000000000001
4.182992444747464,12.790000000000001
4.1866281366251545,12.8
4.190360773518261,12.81
4.194176955796095,12.82
4.198071045093848,12.83
4.202040827378915,12.84
4.206088199891446,12.85
4.210215015223742,12.86
4.214445763518951,12.870000000000001
4.218792202972528,12.88
4.223047088486393,12.89
4.227178649465653,12.9
4.231200975052251,12.91
4.235132488114973,12.92
4.238999990855098,12.93
4.2427508071491005,12.94
4.246404837496123,12.950000000000001
4.249977215516806,12.96
4.253479111271865,12.97
4.256916364076891,12.98
4.260294392559973,12.99
4.263619634685827,13.0
4.266919586565854,13.01
4.270204244700001,13.02
4.273479058196226,13.030000000000001
4.27674503396955,13.040000000000001
4.280003502184392,13.05
4.283255595083029,13.06
4.286527492654363,13.07
4.289826300163914,13.08
4.293154080230407,13.09
4.296512297108965,13.1
4.299901540464779,13.11
4.303326893504781,13.120000000000001
4.306810753401867,13.13
4.310361027588549,13.14
4.313987418889532,13.15
4.317457061578529,13.16
4.320819999409235,13.17
4.324106586939532,13.18
4.3273559807401725,13.19
4.330577596902819,13.200000000000001
4.333772699505078,13.21
4.336941875451554,13.22
4.340083800556091,13.23
4.3432234486774615,13.24
4.346364756946622,13.25
4.349511198708736,13.26
4.352701544711582,13.27
4.355793468330518,13.280000000000001
4.358787922546602,13.290000000000001
4.361704441122051,13.3
4.364560847212176,13.31
4.367372199057773,13.32
4.370145569055524,13.33
4.37288825432748,13.34
4.375625917885902,13.35
4.3783221315982015,13.36
4.381156917630897,13.370000000000001
4.384157063433427,13.38
4.387301941610495,13.39
4.390589237638723,13.4
4.394015660051226,13.41
4.3973844157728985,13.42
4.400655275841866,13.43
4.403837862663401,13.44
4.406945749984649,13.450000000000001
4.409991170913166,13.46
4.4129771784479725,13.47
4.41590816116629,13.48
4.4188106777591285,13.49
4.421609810924241,13.5
4.424300764583034,13.51
4.426899325808587,13.52
4.429422268115434,13.530000000000001
4.431903197899237,13.540000000000001
4.43435622506956,13.55
4.436787265273483,13.56
4.439200863173305,13.57
4.441600242083028,13.58
4.444013219146487,13.59
4.446450849409897,13.6
4.4489150572967056,13.61
4.451411493054464,13.620000000000001
4.453964612408195,13.63
4.456580830329739,13.64
4.45926509548151,13.65
4.462017097712686,13.66
4.464696449192415,13.67
4.467287087776247,13.68
4.469808886596532,13.69
4.472275183943075,13.700000000000001
4.47469665542149,13.71
4.477079954300666,13.72
4.479448074655843,13.73
4.4818085552511295,13.74
4.484162275852569,13.75
4.486508574076903,13.76
4.488870437660613,13.77
4.491250915498698,13.780000000000001
4.493651175839109,13.790000000000001
4.496071806011828,13.8
4.498532532512887,13.81
4.501040869712312,13.82
4.503594579536971,13.83
4.506221508666819,13.84
4.508829916081544,13.85
4.5114265640475,13.86
4.514022624175371,13.870000000000001
4.516629216266276,13.88
4.519253882088686,13.89
4.521918453219404,13.9
4.5246307099528,13.91
4.527390240266274,13.92
4.530040569914953,13.93
4.53268478567199,13.94
4.535370841998553,13.950000000000001
4.538096596968529,13.96
4.540854612346604,13.97
4.543637841510616,13.98
4.5464609613816656,13.99
4.549321664720455,14.0
4.552213369653579,14.01
4.555132253726393,14.02
4.558105585265252,14.030000000000001
4.561025483231149,14.040000000000001
4.563877583764675,14.05
4.566678093257668,14.06
4.569445576836201,14.07
4.572215084184213,14.08
4.575000152687683,14.09
4.577801481075502,14.1
4.5806239528379225,14.11
4.583468022585268,14.120000000000001
4.586357297377264,14.13
4.589299690106446,14.14
4.592295501149259,14.15
4.595328917879378,14.16
4.598483969686688,14.17
4.601767075001197,14.18
4.6050809600570055,14.19
4.6083910601981986,14.200000000000001
4.6116885655046005,14.21
4.614997342605903,14.22
4.618319896683893,14.23
4.621656454855924,14.24
4.625003817147326,14.25
4.6283626510941485,14.26
4.631752125692281,14.27
4.635170868406356,14.280000000000001
4.638615937935972,14.290000000000001
4.642083282590263,14.3
4.645589810821196,14.31
4.649141711999367,14.32
4.652736234448613,14.33
4.656374195509728,14.34
4.660055609787084,14.35
4.663800500426155,14.36
4.667614765397294,14.370000000000001
4.671494684158348,14.38
4.675440205060369,14.39
4.679451397094556,14.4
4.6835490517832925,14.41
4.687733701227481,14.42
4.692007358588276,14.43
4.69636291221742,14.44
4.700746066220268,14.450000000000001
4.70515809776353,14.46
4.709601135391672,14.47
4.714095654476779,14.48
4.718570326360712,14.49
4.723016673148899,14.5
4.727457279061887,14.51
4.731904675361352,14.52
4.736357996895695,14.530000000000001
4.740817562187569,14.540000000000001
4.745283452276392,14.55
4.749755443274866,14.56
4.7542483264672795,14.57
4.758740896703668,14.58
4.763330921212179,14.59
4.768032388893349,14.6
4.772836522771566,14.61
4.777747459077184,14.620000000000001
4.782761862432076,14.63
4.7878674819239455,14.64
4.793060385909019,14.65
4.798335991692312,14.66
4.803690222278627,14.67
4.809140165557951,14.68
4.8147089483021075,14.69
4.820304712291733,14.700000000000001
4.825891944529685,14.71
4.83147400232258,14.72
4.837063054067269,14.73
4.842681101347914,14.74
4.848335498579273,14.75
4.8540265021491535,14.76
4.859747722328764,14.77
4.86550002245787,14.780000000000001
4.871280845577918,14.790000000000001
4.877107127272466,14.8
4.8829813982073516,14.81
4.888903505063143,14.82
4.894869788364042,14.83
4.900869180539406,14.84
4.906935618807834,14.85
4.913084314444321,14.86
4.919312329756042,14.870000000000001
4.925615603044841,14.88
4.931984204322977,14.89
4.9384176575771495,14.9
4.944909774745334,14.91
4.951462181596549,14.92
4.9580908137992585,14.93
4.964803889780536,14.94
4.971597806476765,14.950000000000001
4.978473340810992,14.96
4.9854335666621195,14.97
4.992475178882803,14.98
4.999589016053338,14.99
5.006786898663843,15.0
5.01406612432641,15.01
5.021420629172686,15.02
5.028845962012514,15.030000000000001
5.036333611315371,15.040000000000001
5.043881305596443,15.05
5.051485827325766,15.06
5.059147246391924,15.07
5.066877617201099,15.08
5.074675649034269,15.09
5.082541539356767,15.1
5.0904697734635125,15.11
5.098457425255861,15.120000000000001
5.10650441102068,15.13
5.114622368721349,15.14
5.12275705823426,15.15
5.1309029599302045,15.16
5.139080231584391,15.17
5.147296227576724,15.18
5.15556079747045,15.19
5.163877070824289,15.200000000000001
5.172242544501627,15.21
5.180659230997639,15.22
5.189159033634781,15.23
5.1977416158864855,15.24
5.206374517595858,15.25
5.215124722843747,15.26
5.224006523269682,15.27
5.233006683752621,15.280000000000001
5.2421077493951085,15.290000000000001
5.251297594819072,15.3
5.260568258073045,15.31
5.269909467361632,15.32
5.279321400792379,15.33
5.288794173337953,15.34
5.298325743884858,15.35
5.307916156852077,15.36
5.317558694169779,15.370000000000001
5.327262865946034,15.38
5.336997126078504,15.39
5.346765433730329,15.4
5.356564023719821,15.41
5.366400215394756,15.42
5.376273056755714,15.43
5.386191400310857,15.44
5.396148950010386,15.450000000000001
5.40615395803918,15.46
5.416203785205616,15.47
5.4262958352716195,15.48
5.4364435439428735,15.49
5.446691108052649,15.5
5.457041061378466,15.51
5.467484955894345,15.52
5.478026184093412,15.530000000000001
5.488665670408792,15.540000000000001
5.499391168737866,15.55
5.510195102252615,15.56
5.521071691151903,15.57
5.532012626881407,15.58
5.543021663730698,15.59
5.5540920655465795,15.6
5.565217376194169,15.610000000000001
5.576402452017299,15.620000000000001
5.587641571598507,15.63
5.5989290291948794,15.64
5.6102706550161505,15.65
5.6216613685544825,15.66
5.633096486911255,15.67
5.644582449988858,15.68
5.656111345078542,15.69
5.667690175658007,15.700000000000001
5.679314972231927,15.71
5.690985776200477,15.72
5.702698914987622,15.73
5.714462129708055,15.74
5.726279343399691,15.75
5.738131939265221,15.76
5.7500734075980695,15.77
5.762108493479214,15.780000000000001
5.7742270502568775,15.790000000000001
5.786413853252729,15.8
5.798667174668926,15.81
5.810976894372852,15.82
5.823338330556737,15.83
5.835747732066908,15.84
5.848195699385554,15.85
5.860707540639753,15.860000000000001
5.873293242707775,15.870000000000001
5.885935449838821,15.88
5.8986387636200215,15.89
5.911394504406106,15.9
5.924198516288981,15.91
5.9370476896705755,15.92
5.949939701308322,15.93
5.9628766034031555,15.94
5.975861626033802,15.950000000000001
5.988860301060315,15.96
6.001876924073025,15.97
6.014908460062185,15.98
6.027959988292258,15.99
6.041042683158895,16.0
6.054155248586812,16.01
6.067295663669767,16.02
6.080477969842297,16.03
6.093763760006516,16.04
6.107155045992807,16.05
6.120637449568448,16.06
6.134200439640108,16.07
6.147822866385187,16.080000000000002
6.16151451345459,16.09
6.175271678345984,16.1
6.189088364264017,16.11
6.2029591261887544,16.12
6.216879305104627,16.13
6.230841371673497,16.14
6.244849739415757,16.15
6.258897950660856,16.16
6.272979839783832,16.17
6.287100958077819,16.18
6.301252158818376,16.19
6.315439563273167,16.2
6.329658305394148,16.21
6.343903900849668,16.22
6.358183941660357,16.23
6.372490114579479,16.240000000000002
6.386820560228197,16.25
6.401167740327329,16.26
6.41552969936108,16.27
6.42991689674521,16.28
6.444324054791205,16.29
6.458761815557452,16.3
6.473294611860054,16.31
6.48791819018361,16.32
6.502624306962753,16.330000000000002
6.517394440638041,16.34
6.532218831155415,16.35
6.54709154962676,16.36
6.562008891763486,16.37
6.576971294216157,16.38
6.591964935367203,16.39
6.606984864253789,16.4
6.622017762613588,16.41
6.637070140391315,16.42
6.652139074752084,16.43
6.6672214089268955,16.44
6.682324857414429,16.45
6.6974455013928536,16.46
6.7125870490892865,16.47
6.727737494486484,16.48
6.742916599892234,16.490000000000002
6.758130663503615,16.5
6.773366995929316,16.51
6.788635456721865,16.52
6.80393063518044,16.53
6.819244403185167,16.54
6.834576198362223,16.55
6.8499276910713025,16.56
6.865304318351146,16.57
6.88070826092279,16.580000000000002
6.89618087342943,16.59
6.9117145815564225,16.6
6.927300498405357,16.61
6.942927800432831,16.62
6.958583563966235,16.63
6.974271151188619,16.64
6.9899781647047945,16.65
7.005703539155114,16.66
7.021447751866922,16.67
7.0372108792134735,16.68
7.052992347353572,16.69
7.068791141446894,16.7
7.084610195551891,16.71
7.100439848764642,16.72
7.1162883754816715,16.73
7.132153338069556,16.740000000000002
7.148022693126695,16.75
7.163908840919849,16.76
7.17980909994461,16.77
7.195724196026931,16.78
7.211650802045157,16.79
7.227596848643886,16.8
7.243555020858144,16.81
7.259532697680012,16.82
7.2755201025416065,16.830000000000002
7.291513900792244,16.84
7.3075248723196795,16.85
7.323588200658532,16.86
7.339708535004777,16.87
7.3558695478516585,16.88
7.372056938615788,16.89
7.388270014256561,16.9
7.4044925258505625,16.91
7.420731507730153,16.92
7.436984234089765,16.93
7.453247444194678,16.94
7.469528314994078,16.95
7.48582193728065,16.96
7.502122660362985,16.97
7.518431379536462,16.98
7.534744341463349,16.990000000000002
7.551064006527139,17.0
7.567392534821467,17.01
7.58373250596595,17.02
7.600079540465775,17.03
7.616433027139191,17.04
7.63279306353445,17.05
7.6491514039531285,17.06
7.665516670722429,17.07
7.681887138336165,17.080000000000002
7.698264520683315,17.09
7.714649892945069,17.1
7.731043742589148,17.11
7.7474421478326025,17.12
7.763851200196289,17.13
7.780265444898353,17.14
7.796688981336475,17.150000000000002
7.8131189817115105,17.16
7.82956388214398,17.17
7.84602019180119,17.18
7.862487530143642,17.19
7.878965059271077,17.2
7.895445517734155,17.21
7.911939479399036,17.22
7.928438485884903,17.23
7.944938525080176,17.240000000000002
7.961443907468086,17.25
7.97795421181975,17.26
7.9944645280392885,17.27
8.010970808628239,17.28
8.027481457367047,17.29
8.043993252967258,17.3
8.060506305772808,17.31
8.077020380481061,17.32
8.093535098330584,17.330000000000002
8.110049623053499,17.34
8.126562597560328,17.35
8.143068908613937,17.36
8.159573506838118,17.37
8.176078335371983,17.38
8.192601653309447,17.39
8.209139233226843,17.400000000000002
8.225693733920217,17.41
8.24225375963828,17.42
8.25881420392792,17.43
8.275382876248534,17.44
8.291953616457132,17.45
8.308535282601428,17.46
8.32512473977521,17.47
8.341718308709712,17.48
8.358323097753335,17.490000000000002
8.374927688807245,17.5
8.39153985452791,17.51
8.408156494605366,17.52
8.424774039611815,17.53
8.441399817006154,17.54
8.458025612722984,17.55
8.474658108835788,17.56
8.491289679916578,17.57
8.50791661061227,17.580000000000002
8.524547330183164,17.59
8.541200064787075,17.6
8.557862342814648,17.61
8.574489407472143,17.62
8.591035574361854,17.63
8.607496829012597,17.64
8.623885772104378,17.650000000000002
8.640222169728009,17.66
8.656521298675887,17.67
8.672807537314759,17.68
8.689082366867384,17.69
8.705343693912713,17.7
8.721588894749924,17.71
8.737816399216294,17.72
8.754025407054574,17.73
8.770219831093605,17.740000000000002
8.78640218946165,17.75
8.80257487375388,17.76
8.81874043204818,17.77
8.834901457320393,17.78
8.851056614173736,17.79
8.867215801274908,17.8
8.883381033745287,17.81
8.899550175565587,17.82
8.915725202306433,17.830000000000002
8.931901537042114,17.84
8.948087747814322,17.85
8.964277178431253,17.86
8.980473864323047,17.87
8.996673371900842,17.88
9.012882322423911,17.89
9.029095837655339,17.900000000000002
9.045312914081835,17.91
9.061532607619997,17.92
9.077754012447814,17.93
9.09397623984246,17.94
9.11020222544096,17.95
9.126427204414492,17.96
9.142646813671906,17.97
9.158863939271578,17.98
9.17507887127016,17.990000000000002
9.191301723037066,18.0
9.207534812430401,18.01
9.223774097152353,18.02
9.240026608025651,18.03
9.25628441344725,18.04
9.272555171159844,18.05
9.288835288878849,18.06
9.30512124471983,18.07
9.321420946780998,18.080000000000002
9.337730801694159,18.09
9.354047107142357,18.1
9.370376965535153,18.11
9.386712393217438,18.12
9.403048457143338,18.13
9.41939230024684,18.14
9.435739577487102,18.150000000000002
9.452085796287356,18.16
9.468437826335053,18.17
9.484787262461047,18.18
9.501140974387534,18.19
9.517494419436538,18.2
9.53384308945016,18.21
9.550193955580248,18.22
9.566542577439622,18.23
9.582889537738588,18.240000000000002
9.599240390163589,18.25
9.615605673189787,18.26
9.631981394887983,18.27
9.648366851479409,18.28
9.664757819324194,18.29
9.681161877635903,18.3
9.697575377119403,18.31
9.713994736912102,18.32
9.730427786648624,18.330000000000002
9.746870849789675,18.34
9.76332842634688,18.35
9.779790438146678,18.36
9.796259791243973,18.37
9.81273205913812,18.38
9.829214085907422,18.39
9.845701120935573,18.400000000000002
9.862192208129649,18.41
9.878686439153526,18.42
9.89518297742921,18.43
9.911684860093237,18.44
9.928186479889636,18.45
9.944686920649131,18.46
9.961190868024964,18.47
9.97768969550059,18.48
9.994186845145178,18.490000000000002
10.010679372042464,18.5
10.02718424413746,18.51
10.043698821862561,18.52
10.060221518884251,18.53
10.076751173168665,18.54
10.09328729273117,18.55
10.109833611285591,18.56
10.126387225944747,18.57
10.142941680008134,18.580000000000002
10.159504328182825,18.59
10.176067898486153,18.6
10.192632727398163,18.61
10.209206491861906,18.62
10.225785131260436,18.63
10.242364348630659,18.64
10.258951153019678,18.650000000000002
10.27553729179439,18.66
10.292129536331572,18.67
10.308721231357818,18.68
10.325312104041389,18.69
10.341898641663837,18.7
10.358488644980818,18.71
10.375078201535262,18.72
10.391667057345979,18.73
10.408251063836065,18.740000000000002
10.424838427607101,18.75
10.441432414672413,18.76
10.458033512463924,18.77
10.474636474369099,18.78
10.491248179931079,18.79
10.50786059118891,18.8
10.524481251491375,18.81
10.541106451457404,18.82
10.557732518997282,18.830000000000002
10.574367165424524,18.84
10.591002512395288,18.85
10.607644170765838,18.86
10.62428842514481,18.87
10.640931899231969,18.88
10.657582386385519,18.89
10.674235893721097,18.900000000000002
10.690892928374103,18.91
10.707550054500276,18.92
10.724206320548317,18.93
10.740857746359433,18.94
10.757511984727989,18.95
10.774161361728995,18.96
10.790813362304506,18.97
10.807464000845764,18.98
10.824113060990875,18.990000000000002
10.840760097257961,19.0
10.857406286764384,19.01
10.874054896700168,19.02
10.890711047336515,19.03
10.907373286321693,19.04
10.924036242671985,19.05
10.940706645304306,19.06
10.957380322843573,19.07
10.974057298000991,19.080000000000002
10.990741319812491,19.09
11.007426381954332,19.1
11.024113631482999,19.11
11.040794451976543,19.12
11.057473195357666,19.13
11.074150351137016,19.14
11.090825070880518,19.150000000000002
11.107494127104358,19.16
11.12416582576806,19.17
11.140836749867333,19.18
11.15750702984808,19.19
11.174180481651685,19.2
11.190848311899678,19.21
11.207518278988434,19.22
11.224190739278061,19.23
11.240865065136404,19.240000000000002
11.257540546601819,19.25
11.27421718081739,19.26
11.290893878681523,19.27
11.307576330490633,19.28
11.324255822271834,19.29
11.340939508973573,19.3
11.357623401597383,19.31
11.374307443337324,19.32
11.390987788844377,19.330000000000002
11.407671976538325,19.34
11.424356050541972,19.35
11.441039848753453,19.36
11.457723170178525,19.37
11.474402046703572,19.38
11.491083460132746,19.39
11.507762920336495,19.400000000000002
11.524440930999495,19.41
11.541114198246387,19.42
11.55779062237273,19.43
11.574462641791163,19.44
11.59113781076682,19.45
11.607812222271592,19.46
11.624481978480878,19.47
11.64115466891169,19.48
11.657822633529166,19.490000000000002
11.674493510702924,19.5
11.691163365505101,19.51
11.707828196268995,19.52
11.724497707003717,19.53
11.741167449921083,19.54
11.757836259467098,19.55
11.774503212793585,19.56
11.791166712092746,19.57
11.807830372289947,19.580000000000002
11.824494884041657,19.59
11.841160017972706,19.6
11.857821568177863,19.61
11.874486830544672,19.62
11.891151698863,19.63
11.907815846171381,19.64
11.924479813487945,19.650000000000002
11.941144145534686,19.66
11.957810824891595,19.67
11.974477787372583,19.68
11.991136450115237,19.69
12.007791144371662,19.7
12.024438790131654,19.71
12.041087520190768,19.72
12.057734040196774,19.73
12.074378695881299,19.740000000000002
12.091025572962558,19.75
12.107666300985112,19.76
12.124315060009389,19.77
12.140965379113803,19.78
12.157619119020682,19.79
12.174274108938574,19.8
12.190925007404758,19.81
12.207578608574286,19.82
12.224230698002929,19.830000000000002
12.24088106689283,19.84
12.257529598776351,19.85
12.274176093168112,19.86
12.2908215137468,19.87
12.307463071145149,19.88
12.324100836882351,19.89
12.340735462661819,19.900000000000002
12.357367494979568,19.91
12.373997254618738,19.92
12.39062112535831,19.93
12.407246918077476,19.94
12.423867226935517,19.95
12.44048992434587,19.96
12.457111498172655,19.97
12.473728406804014,19.98
12.49034895695458,19.990000000000002
12.506970259762415,20.0
12.523589179036192,20.01
12.540213728685126,20.02
12.556839600062391,20.03
12.573461815698895,20.04
12.590086774654258,20.05
12.606709774821713,20.06
12.623326211708054,20.07
12.639944147403634,20.080000000000002
12.656559801011836,20.09
12.673169251289556,20.1
12.68978057282037,20.11
12.706386711972957,20.12
12.722995619457027,20.13
12.739603574826099,20.14
12.756206691590172,20.150000000000002
12.772812483800804,20.16
12.78941781896087,20.17
12.806020176101905,20.18
12.822615409406414,20.19
12.839211517470458,20.2
12.855805187111363,20.21
12.872393089568316,20.22
12.888983957887993,20.23
12.905574966206872,20.240000000000002
12.922165649639643,20.25
12.938760129173007,20.26
12.955359095836924,20.27
12.971958380664528,20.28
12.988564036870601,20.29
13.005170713496803,20.3
13.02177726699204,20.31
13.03838294304722,20.32
13.054988716468113,20.330000000000002
13.071589286337526,20.34
13.088184504524703,20.35
13.104775397566177,20.36
13.121362920603474,20.37
13.137947574194797,20.38
13.154529528997232,20.39
13.171108788113003,20.400000000000002
13.187685330419232,20.41
13.204261934778879,20.42
13.220835039460258,20.43
13.23741286290851,20.44
13.253983646115763,20.45
13.270558483761675,20.46
13.28713348455235,20.47
13.303705912945112,20.48
13.32028421520594,20.490000000000002
13.336865044302792,20.5
13.353448572087695,20.51
13.370034822971665,20.52
13.386623693533647,20.53
13.40321423298315,20.54
13.419809756199337,20.55
13.436400064158775,20.56
13.452988171648997,20.57
13.469573871396754,20.580000000000002
13.486153249773349,20.59
13.502733847870086,20.6
13.519307948585585,20.61
13.535884140319608,20.62
13.552459127934224,20.63
13.56902924859434,20.64
13.5856020983396,20.650000000000002
13.602169956135462,20.66
13.618740392552295,20.67
13.635309556962365,20.68
13.65187363370002,20.69
13.668440345115204,20.7
13.685006043721907,20.71
13.701567153693265,20.72
13.718131581345647,20.73
13.734691981686307,20.740000000000002
13.751256267768444,20.75
13.767820984184603,20.76
13.78438376236484,20.77
13.800953052396219,20.78
13.817525354292432,20.79
13.834100008670543,20.8
13.850676174099304,20.81
13.86725302221499,20.82
13.883829290746341,20.830000000000002
13.900402461972314,20.84
13.916979983173905,20.85
13.933557505090366,20.86
13.950134501743156,20.87
13.966706760856058,20.88
13.983281634897565,20.89
13.999855135095299,20.900000000000002
14.016427165858776,20.91
14.032997702766952,20.92
14.049567600583053,20.93
14.06613800354465,20.94
14.082701075554445,20.95
14.099261173904962,20.96
14.11581514276677,20.97
14.132371182442407,20.98
14.14892593756054,20.990000000000002
14.165479863180563,21.0
14.182037231352782,21.01
14.198590080318091,21.02
14.215149158279376,21.03
14.231707429513547,21.04
14.248268535770276,21.05
14.264831722102487,21.06
14.281392319375195,21.07
14.297957177370614,21.080000000000002
14.314521819421842,21.09
14.33108568696658,21.1
14.347648420861168,21.11
14.364211018815144,21.12
14.380777932026268,21.13
14.397339916279792,21.14
14.413900394118004,21.150000000000002
14.430459357111603,21.16
14.447016875573869,21.17
14.463569229147296,21.18
14.480124187000353,21.19
14.496674306238674,21.2
14.51322746903525,21.21
14.529780153351066,21.22
14.546328878754919,21.23
14.562881609995474,21.240000000000002
14.579434875671785,21.25
14.595989006582036,21.26
14.612540504191616,21.27
14.629097295755393,21.28
14.645655843658004,21.29
14.662216551022743,21.3
14.678777490984578,21.31
14.695346425557034,21.32
14.711918941131891,21.330000000000002
14.728490414577324,21.34
14.745067678575849,21.35
14.761642421917074,21.36
14.778221703451464,21.37
14.794801259291692,21.38
14.811376918565788,21.39
14.827956042662912,21.400000000000002
14.844530811813248,21.41
14.861108739839702,21.42
14.877685977020777,21.43
14.894262559990619,21.44
14.91083478665109,21.45
14.92741068365041,21.46
14.943985865144986,21.47
14.960560467991948,21.48
14.977134838433553,21.490000000000002
14.993705542793201,21.5
15.0102805518398,21.51
15.026856361881276,21.52
15.043433253020005,21.53
15.060011486300233,21.54
15.076591402801776,21.55
15.09317405160564,21.56
15.10976168126339,21.57
15.12635413234883,21.580000000000002
15.142950500510654,21.59
15.15954982351185,21.6
15.176151289120012,21.61
15.192754258344417,21.62
15.209358248977605,21.63
15.225962851656329,21.64
15.242571828413151,21.650000000000002
15.259180141359508,21.66
15.275783736105877,21.67
15.292386507146215,21.68
15.308984801512882,21.69
15.325586424540369,21.7
15.342187754152791,21.71
15.358788997574418,21.72
15.375390383037438,21.73
15.391992151110228,21.740000000000002
15.408594544430677,21.75
15.425197682165818,21.76
15.441806054441146,21.77
15.45841225712048,21.78
15.475020213282718,21.79
15.49163001523882,21.8
15.508238061975813,21.81
15.524853060141023,21.82
15.54146712275422,21.830000000000002
15.55808724065128,21.84
15.574708960732499,21.85
15.591327937568575,21.86
15.607951381300925,21.87
15.624575144614468,21.88
15.641198957181402,21.89
15.657818785050553,21.900000000000002
15.67444208088912,21.91
15.69106490206135,21.92
15.707687173680554,21.93
15.724305052666901,21.94
15.740926226489002,21.95
15.757546992055673,21.96
15.774163693617696,21.97
15.79078415220462,21.98
15.807404765033535,21.990000000000002
15.824021936557429,22.0
15.840643516427074,22.01
15.857265903263341,22.02
15.873885485887408,22.03
15.890510084744172,22.04
15.907132247368555,22.05
15.92375991398837,22.06
15.940390714888473,22.07
15.957024432574656,22.080000000000002
15.973656595927794,22.09
15.990294204575871,22.1
16.006932951789928,22.11
16.02357251063295,22.12
16.040212598209223,22.13
16.05685298159104,22.14
16.07349346711011,22.150000000000002
16.090130077662298,22.16
16.106770310379073,22.17
16.123410254218133,22.18
16.14004985771491,22.19
16.156689122743575,22.2
16.173331896583672,22.21
16.189970738297177,22.22
16.206609639741135,22.23
16.223248776396844,22.240000000000002
16.239888324022758,22.25
16.256524643473902,22.26
16.273165535360356,22.27
16.289807344674717,22.28
16.30645403268834,22.29
16.32309816493463,22.3
16.339747267078952,22.31
16.356393871181954,22.32
16.373042822513817,22.330000000000002
16.38969381688523,22.34
16.406346270116106,22.35
16.42299587136297,22.36
16.439649910936048,22.37
16.456304355230458,22.38
16.472959055051454,22.39
16.489613895419968,22.400000000000002
16.506272539105076,22.41
16.522927466856547,22.42
16.539582452141598,22.43
16.55623742659099,22.44
16.57288853731733,22.45
16.589543424459595,22.46
16.606198330230047,22.47
16.622849529004046,22.48
16.63950475257287,22.490000000000002
16.656156479235815,22.5
16.672812441519397,22.51
16.689468921849734,22.52
16.706126007986402,22.53
16.722779964404044,22.54
16.739438488070412,22.55
16.756097819562118,22.56
16.77275418661528,22.57
16.78941531990554,22.580000000000002
