distance,time
40.5664163694191,0.0
40.566416597258836,0.01
40.56641670148519,0.02
40.566416687046406,0.03
40.566416556476256,0.04
40.56641631182528,0.05
40.566415954907484,0.06
40.565428426943754,0.07
40.564395928045585,0.08
40.562404866969146,0.09
40.55952189216679,0.1
40.55590062335005,0.11
40.55169393900947,0.12
40.547017372849304,0.13
40.54193586476589,0.14
40.536488213077746,0.15
40.53068167578057,0.16
40.52450791123542,0.17
40.51795320178896,0.18
40.511004151515664,0.19
40.50365013118861,0.2
40.49588374736534,0.21
40.487700333289624,0.22
40.47909712404452,0.23
40.47007248660122,0.24
40.460625362407725,0.25
40.450754947379565,0.26
40.440460566620814,0.27
40.429744253138104,0.28
40.41859621808696,0.29
40.40701438937834,0.3
40.39499979914267,0.31
40.3825545642404,0.32
40.36968112747369,0.33
40.356382083687485,0.34
40.34266020000594,0.35000000000000003
40.328518459213385,0.36
40.31396007315389,0.37
40.29898846103783,0.38
40.28360720127257,0.39
40.26781996655567,0.4
40.2516275265751,0.41000000000000003
40.23503989403079,0.42
40.21806158207471,0.43
40.20069539987257,0.44
40.18294382949712,0.45
40.164809320448796,0.46
40.14629418294482,0.47000000000000003
40.12740042015665,0.48
40.10812961599713,0.49
40.08848289063168,0.5
40.06846090301901,0.51
40.04806387837954,0.52
40.027291646049775,0.53
40.00614368038718,0.54
39.984619141878476,0.55
39.96271691771685,0.56
39.940436730119856,0.5700000000000001
39.91777319248946,0.58
39.894724009641564,0.59
39.87128797661229,0.6
39.84746407617359,0.61
39.82325117195745,0.62
39.798647974063165,0.63
39.773653095422105,0.64
39.748265251090295,0.65
39.722482712493054,0.66
39.69630361913934,0.67
39.66972619537553,0.68
39.642748822395916,0.6900000000000001
39.61538496545462,0.7000000000000001
39.587756670386156,0.71
39.55998117482418,0.72
39.53214000859735,0.73
39.50427964383018,0.74
39.47642011904567,0.75
39.44856525039735,0.76
39.420711175121504,0.77
39.39285211091976,0.78
39.364983519487275,0.79
39.33710352399491,0.8
39.30921260967709,0.81
39.28131285249172,0.8200000000000001
39.253407756975236,0.8300000000000001
39.22550427014358,0.84
39.197605244915344,0.85
39.16971235233584,0.86
39.141827032141116,0.87
39.11395064956994,0.88
39.08608440940429,0.89
39.05822926358168,0.9
39.03038587304987,0.91
39.002554615530336,0.92
38.97473565958047,0.93
38.94692935822509,0.9400000000000001
38.919136030500944,0.9500000000000001
38.89135579419481,0.96
38.863588551858705,0.97
38.83583402551789,0.98
38.80809179649411,0.99
38.78036133791142,1.0
38.752642039817104,1.01
38.72493322972316,1.02
38.697234190829406,1.03
38.66954417905885,1.04
38.64186243923647,1.05
38.61418822035723,1.06
38.586520748030495,1.07
38.55885827512285,1.08
38.53119184105509,1.09
38.50351943113935,1.1
38.47584132878238,1.11
38.44815824008142,1.12
38.42047068328237,1.1300000000000001
38.39277891633281,1.1400000000000001
38.36508302319,1.1500000000000001
38.33738301003344,1.16
38.30967887329144,1.17
38.28197064046488,1.18
38.25425839250534,1.19
38.2265422732564,1.2
38.19882242391198,1.21
38.171098555212296,1.22
38.143370369911786,1.23
38.11563769393964,1.24
38.08790048018566,1.25
38.06015877739806,1.26
38.03241270046081,1.27
38.00466241036749,1.28
37.97690810214122,1.29
37.94915059921394,1.3
37.92139510322896,1.31
37.89364292737198,1.32
37.86589423680305,1.33
37.83814861754322,1.34
37.810398193712814,1.35
37.782642413094806,1.36
37.754882769962094,1.37
37.72712089341004,1.3800000000000001
37.69935851981419,1.3900000000000001
37.67160075753902,1.4000000000000001
37.643848055823305,1.41
37.61609957151463,1.42
37.58835441883876,1.43
37.56061197052268,1.44
37.53287181175952,1.45
37.505133631556035,1.46
37.477397145761934,1.47
37.44966207582164,1.48
37.42192830049865,1.49
37.39419613760446,1.5
37.36646594659016,1.51
37.33873801566378,1.52
37.3110125587474,1.53
37.28328935519782,1.54
37.25556489636126,1.55
37.227838150847006,1.56
37.20010897850265,1.57
37.1723774399116,1.58
37.144643561847225,1.59
37.11690730349743,1.6
37.089169133127164,1.61
37.06143546736803,1.62
37.03369994193411,1.6300000000000001
37.005961233206634,1.6400000000000001
36.97822037417188,1.6500000000000001
36.95048337279113,1.6600000000000001
36.92275084470256,1.67
36.89502184026437,1.68
36.86729531222218,1.69
36.83957049814395,1.7
36.811846888865304,1.71
36.78412411220852,1.72
36.756401846391704,1.73
36.7286797791326,1.74
36.70095759760115,1.75
36.67323502086845,1.76
36.64551207199526,1.77
36.61778915657645,1.78
36.5900667176248,1.79
36.5623448507877,1.8
36.53462119100108,1.81
36.506894984818416,1.82
36.4791660895519,1.83
36.45143452454508,1.84
36.42370031025998,1.85
36.395963438572785,1.86
36.36822388506623,1.87
36.340481625830925,1.8800000000000001
36.312737174649904,1.8900000000000001
36.28499732096242,1.9000000000000001
36.2572557235493,1.9100000000000001
36.22951109885627,1.92
36.20176457116625,1.93
36.17402228421348,1.94
36.146284936451224,1.95
36.11855164029406,1.96
36.09082140007016,1.97
36.06309349577372,1.98
36.035367450149074,1.99
36.00764291122328,2.0
35.97991956544905,2.0100000000000002
35.952197097326646,2.02
35.9244751803479,2.0300000000000002
35.896753525639255,2.04
35.86903226425857,2.05
35.84131180274274,2.06
35.81359254569457,2.07
35.78587482966354,2.08
35.758158932323894,2.09
35.73044464886807,2.1
35.70272800517768,2.11
35.67500790587684,2.12
35.64728429567265,2.13
35.61955735712542,2.14
35.59182723586911,2.15
35.56409399809949,2.16
35.53635765863795,2.17
35.508618271057955,2.18
35.48087636626187,2.19
35.45313254747965,2.2
35.42538794681471,2.21
35.39764819226919,2.22
35.369913521952256,2.23
35.34218279470619,2.24
35.314454926241574,2.25
35.2867291979052,2.2600000000000002
35.25900516755821,2.27
35.23128252176545,2.2800000000000002
35.20356097718375,2.29
35.17584023843053,2.3000000000000003
35.14811999145288,2.31
35.12039997197418,2.32
35.09268045854062,2.33
35.06496189801806,2.34
35.03724470014087,2.35
35.00952920195415,2.36
34.98181568663937,2.37
34.95410440847388,2.38
34.92639561004662,2.39
34.8986895314423,2.4
34.87098571576715,2.41
34.843277804078234,2.42
34.81556426478576,2.43
34.78784528178459,2.44
34.76012140558586,2.45
34.73239316885674,2.46
34.704661558253484,2.47
34.6769274214752,2.48
34.64919139417562,2.49
34.62145394577056,2.5
34.59371544326631,2.5100000000000002
34.56597619982274,2.52
34.538236892772616,2.5300000000000002
34.51050104094261,2.54
34.48276864610901,2.5500000000000003
34.455038830942804,2.56
34.427310774539414,2.57
34.39958390767018,2.58
34.37185785698172,2.59
34.34413245906033,2.6
34.31640813747032,2.61
34.28868538776987,2.62
34.260964625795836,2.63
34.233246180807036,2.64
34.20553032699238,2.65
34.177817312096685,2.66
34.150107374210755,2.67
34.12240074919752,2.68
34.09469767305333,2.69
34.06699838226914,2.7
34.039303113753945,2.71
34.0116113658472,2.72
33.98391377302875,2.73
33.956208561707825,2.74
33.92849690794534,2.75
33.9007804833861,2.7600000000000002
33.87306065003707,2.77
33.84533835832191,2.7800000000000002
33.81761425533523,2.79
33.78988880667914,2.8000000000000003
33.76216238118573,2.81
33.734435300431805,2.82
33.70670786560949,2.83
33.67898037169071,2.84
33.651253114587185,2.85
33.62352639424065,2.86
33.59580049377126,2.87
33.56807546240035,2.88
33.54035089316252,2.89
33.51262657869998,2.9
33.484904294278245,2.91
33.45718472055541,2.92
33.429468139145854,2.93
33.401754741482776,2.94
33.37404473718162,2.95
33.34633837062385,2.96
33.318635142487615,2.97
33.29092815767842,2.98
33.263215835111,2.99
33.23549842278244,3.0
33.20777654662916,3.0100000000000002
33.180051009245176,3.02
33.152322760525976,3.0300000000000002
33.12459256639217,3.04
33.09686098277396,3.0500000000000003
33.0691290129115,3.06
33.04140200699814,3.0700000000000003
33.013680137025084,3.08
32.985962220085405,3.09
32.95824710563249,3.1
32.93053398843261,3.11
32.902822337153324,3.12
32.87511176071292,3.13
32.847401916242994,3.14
32.81969250635519,3.15
32.791983617964306,3.16
32.7642757145621,3.17
32.73656927410091,3.18
32.70886469827811,3.19
32.68116231979563,3.2
32.65346193276979,3.21
32.625759164761135,3.22
32.598052812283534,3.23
32.57034280631687,3.24
32.54262932882066,3.25
32.51491251305126,3.2600000000000002
32.48719239992178,3.27
32.45946897124979,3.2800000000000002
32.43174223361586,3.29
32.40401260630329,3.3000000000000003
32.37628157153805,3.31
32.34855658381944,3.3200000000000003
32.32083818409931,3.33
32.293125034561264,3.34
32.26541577728798,3.35
32.237709474284316,3.36
32.21000552923931,3.37
32.182303518069865,3.38
32.15460306951485,3.39
32.12690381044813,3.4
32.099205254558626,3.41
32.07150618142183,3.42
32.04380679536549,3.43
32.016107118706095,3.44
31.988406871789373,3.45
31.9607056883372,3.46
31.933003207954094,3.47
31.905299105093874,3.48
31.877593091932205,3.49
31.849884914283294,3.5
31.82217434770147,3.5100000000000002
31.794461195237414,3.52
31.766745286418566,3.5300000000000002
31.73902647676911,3.54
31.711304647414728,3.5500000000000003
31.68357970456376,3.56
31.655851639267365,3.5700000000000003
31.62812097947672,3.58
31.60038840521853,3.59
31.572655242899653,3.6
31.544928125950076,3.61
31.51720735403513,3.62
31.489491592173273,3.63
31.461779561240647,3.64
31.434070405836287,3.65
31.40636359310548,3.66
31.37865874077065,3.67
31.35095550166606,3.68
31.323253513936802,3.69
31.295552392812535,3.7
31.267851817560388,3.71
31.24015215136824,3.72
31.212453902396476,3.73
31.184757518163053,3.74
31.157063358853108,3.75
31.12937124202485,3.7600000000000002
31.101676948547972,3.77
31.073979256245874,3.7800000000000002
31.046278024086813,3.79
31.018573357180504,3.8000000000000003
30.990865322043152,3.81
30.96315390444086,3.8200000000000003
30.935439040521093,3.83
30.907720651845025,3.84
30.879998740768386,3.85
30.852274719513797,3.86
30.82455726201513,3.87
30.796847029092632,3.88
30.769142555838844,3.89
30.741442340136455,3.9
30.71374534403182,3.91
30.686050912881093,3.92
30.6583585888228,3.93
30.630667661744535,3.94
30.602974933057173,3.95
30.57528021707646,3.96
30.54758273412825,3.97
30.519883142477834,3.98
30.492182138372318,3.99
30.464479654463172,4.0
30.436775380223832,4.01
30.409068984580106,4.0200000000000005
30.38136018562376,4.03
30.353648756807345,4.04
30.325934516020798,4.05
30.298217315141795,4.0600000000000005
30.27049721229606,4.07
30.242775603399437,4.08
30.21505249987827,4.09
30.187328490754467,4.1
30.159611418911425,4.11
30.131902623909504,4.12
30.104201299137923,4.13
30.076506057266073,4.14
30.048815803009763,4.15
30.021129791374698,4.16
29.99344747578882,4.17
29.965768181954793,4.18
29.938089062356813,4.19
29.910404211187174,4.2
29.882713443603386,4.21
29.855018193612825,4.22
29.827319929419623,4.23
29.799619738082555,4.24
29.771918354996775,4.25
29.744216258942473,4.26
29.716513478224254,4.2700000000000005
29.688809511139425,4.28
29.661103830410767,4.29
29.633396022313928,4.3
29.605685787720553,4.3100000000000005
29.57797290915945,4.32
29.5502572221064,4.33
29.522538597877652,4.34
29.494816935295365,4.3500000000000005
29.46709233768127,4.36
29.439367148690646,4.37
29.4116491739341,4.38
29.383939604880073,4.39
29.356237802314684,4.4
29.328542638411147,4.41
29.300853031871288,4.42
29.273168203390377,4.43
29.245487580805626,4.44
29.21781047267586,4.45
29.190134551303494,4.46
29.16245897971965,4.47
29.134782922407673,4.48
29.10710186751556,4.49
29.0794157926127,4.5
29.051725928399865,4.51
29.024033518365815,4.5200000000000005
28.996339495899676,4.53
28.96864445883891,4.54
28.940948338543652,4.55
28.91325062435319,4.5600000000000005
28.885550803598825,4.57
28.857848477853086,4.58
28.83014335902101,4.59
28.802435237932396,4.6000000000000005
28.774723958130945,4.61
28.747009400412928,4.62
28.719291475127896,4.63
28.69157011848578,4.64
28.66384529045403,4.65
28.63611715632067,4.66
28.608387838275366,4.67
28.580667334063186,4.68
28.552956105458506,4.69
28.52525231229936,4.7
28.497554238586453,4.71
28.46986079509821,4.72
28.442171353996276,4.73
28.41448548990917,4.74
28.38680280899517,4.75
28.359122876842452,4.76
28.331445208022334,4.7700000000000005
28.3037692820357,4.78
28.27609436262371,4.79
28.248418081135494,4.8
28.22073966193773,4.8100000000000005
28.193058862106362,4.82
28.165375539335912,4.83
28.137689521277537,4.84
28.110000597709913,4.8500000000000005
28.082308544714863,4.86
28.05461314702102,4.87
28.026914211432782,4.88
27.999211573181846,4.89
27.97150509826638,4.9
27.943794683851827,4.91
27.916080257750394,4.92
27.88836196764009,4.93
27.860642259310747,4.94
27.832930666529805,4.95
27.805228408093537,4.96
27.777533757412773,4.97
27.7498449444053,4.98
27.722160789328733,4.99
27.694480589561092,5.0
27.66680387238394,5.01
27.639130220431205,5.0200000000000005
27.611459192404947,5.03
27.583790098995138,5.04
27.556120159027923,5.05
27.52844535075212,5.0600000000000005
27.50076588548049,5.07
27.473083076855783,5.08
27.445398173417644,5.09
27.41771196930028,5.1000000000000005
27.390024215156373,5.11
27.362334406192247,5.12
27.334642078221446,5.13
27.30694687353737,5.14
27.279248526584613,5.15
27.251546836514958,5.16
27.2238416473573,5.17
27.196132837397727,5.18
27.168420314321224,5.19
27.140704208290003,5.2
27.112986084203538,5.21
27.08526598362915,5.22
27.057544183269115,5.23
27.029831026739057,5.24
27.00212700790898,5.25
26.974430314421912,5.26
26.946739227716,5.2700000000000005
26.91905263538557,5.28
26.8913698800633,5.29
26.86369051014807,5.3
26.8360141129918,5.3100000000000005
26.80834024316827,5.32
26.780668410585527,5.33
26.752998094521256,5.34
26.72532876319436,5.3500000000000005
26.697659890096645,5.36
26.669990965044573,5.37
26.642321500791983,5.38
26.614651036762343,5.39
26.58697892924284,5.4
26.55930290215259,5.41
26.531622377211406,5.42
26.503937328881968,5.43
26.476247822532642,5.44
26.44855408543939,5.45
26.420857842174282,5.46
26.393159167831975,5.47
26.365457667164705,5.48
26.337752939732866,5.49
26.3100447074348,5.5
26.282333475546533,5.51
26.254630390980573,5.5200000000000005
26.226936230977977,5.53
26.199249209297296,5.54
26.171567532891082,5.55
26.143889998620917,5.5600000000000005
26.116215878002855,5.57
26.088544677551898,5.58
26.06087544103204,5.59
26.03320305243907,5.6000000000000005
26.005527351914772,5.61
25.977849555842926,5.62
25.950170895977497,5.63
25.922492274746826,5.64
25.894814258482175,5.65
25.867136795458748,5.66
25.839459250281916,5.67
25.811780950990524,5.68
25.784101340361406,5.69
25.756419977784326,5.7
25.728736505080967,5.71
25.70105061749655,5.72
25.673362047462255,5.73
25.645670557726955,5.74
25.617975939227172,5.75
25.59027801063795,5.76
25.562576618151553,5.7700000000000005
25.534871634998776,5.78
25.507163000255606,5.79
25.47945105584242,5.8
25.45173762988894,5.8100000000000005
25.424031991003968,5.82
25.396334637262694,5.83
25.36864377018406,5.84
25.34095765481415,5.8500000000000005
25.313275148828996,5.86
25.285595570795135,5.87
25.257918461454512,5.88
25.23024341916317,5.89
25.202570025639673,5.9
25.174897829871643,5.91
25.14722635808662,5.92
25.119555196623672,5.93
25.091884560287877,5.94
25.06421476967447,5.95
25.03654395918659,5.96
25.008871317785033,5.97
24.98119645495979,5.98
24.953519109126987,5.99
24.925839038587387,6.0
24.898155999825057,6.01
24.87046975539815,6.0200000000000005
24.842780085776376,6.03
24.815086797360884,6.04
24.787389726251806,6.05
24.75968873923132,6.0600000000000005
24.73198441511517,6.07
24.704288512050354,6.08
24.676601801668724,6.09
24.648922346703174,6.1000000000000005
24.621248209980966,6.11
24.593578089680197,6.12
24.565911199191774,6.13
24.538247013191988,6.140000000000001
24.510585087013663,6.15
24.482924971720458,6.16
24.455265880745007,6.17
24.42760462608868,6.18
24.399941336846915,6.19
24.372277018745354,6.2
24.344612558877913,6.21
24.316947794633545,6.22
24.289282165872777,6.23
24.2616150916416,6.24
24.23394607850888,6.25
24.206274723384528,6.26
24.178600690522142,6.2700000000000005
24.15092369172197,6.28
24.12324347514968,6.29
24.095559820471692,6.3
24.067872537135983,6.3100000000000005
24.040181463711644,6.32
24.012485396702065,6.33
23.984804707014128,6.34
23.95714056244887,6.3500000000000005
23.929490272003694,6.36
23.901853423683367,6.37
23.874201290030612,6.38
23.846532063803796,6.390000000000001
23.818849748615367,6.4
23.791158537870032,6.41
23.763461345324856,6.42
23.735759903189535,6.43
23.70805520809122,6.44
23.68034825739911,6.45
23.652651657925066,6.46
23.624965632803864,6.47
23.59728771761781,6.48
23.569615682186882,6.49
23.54194812099564,6.5
23.514284240279405,6.51
23.486623534925794,6.5200000000000005
23.458965572641482,6.53
23.43130989794193,6.54
23.40365601139257,6.55
23.376003382018318,6.5600000000000005
23.348351318021855,6.57
23.32069804996334,6.58
23.29304385926797,6.59
23.265388964363463,6.6000000000000005
23.237733046285637,6.61
23.21007562613929,6.62
23.182416226817868,6.63
23.154754423489983,6.640000000000001
23.127089847812275,6.65
23.09942217970454,6.66
23.071751139532587,6.67
23.044076483420998,6.68
23.01639800094498,6.69
22.988715513947643,6.7
22.961028875630273,6.71
22.933338053863743,6.72
22.905643763239226,6.73
22.877946906006596,6.74
22.850248258748397,6.75
22.822549224520817,6.76
22.79485679768628,6.7700000000000005
22.767171075814975,6.78
22.739490430328036,6.79
22.71181335333198,6.8
22.684138845410505,6.8100000000000005
22.65646628998677,6.82
22.62879525389591,6.83
22.601125366780774,6.84
22.57345645368592,6.8500000000000005
22.545789119007146,6.86
22.51812403436236,6.87
22.49046174134554,6.88
22.462802653289575,6.890000000000001
22.435147105483743,6.9
22.407495397602858,6.91
22.37984781760935,6.92
22.35220465181994,6.93
22.324566187775652,6.94
22.296932714418,6.95
22.269304521765502,6.96
22.241681856907565,6.97
22.214063247745724,6.98
22.186436505935845,6.99
22.158800129409872,7.0
22.131155968383432,7.01
22.10350623883729,7.0200000000000005
22.075852635549516,7.03
22.048196300584518,7.04
22.02053801213556,7.05
21.992878356720656,7.0600000000000005
21.965217835228028,7.07
21.93755691623152,7.08
21.909896058786583,7.09
21.88223564631914,7.1000000000000005
21.854575393119525,7.11
21.826914642670058,7.12
21.799252793342102,7.13
21.771589384158226,7.140000000000001
21.743924066675635,7.15
21.71625656017352,7.16
21.68858662051917,7.17
21.660914024726505,7.18
21.633238565496917,7.19
21.605560050396456,7.2
21.577878302519178,7.21
21.5501931612681,7.22
21.522505641596258,7.23
21.494827180828672,7.24
21.4671586239425,7.25
21.439497975817357,7.26
21.41184319587299,7.2700000000000005
21.384192876112106,7.28
21.356546133067262,7.29
21.328902353665818,7.3
21.30126101167439,7.3100000000000005
21.273621580590167,7.32
21.245983510758244,7.33
21.218346236338597,7.34
21.19070921806568,7.3500000000000005
21.163072257847798,7.36
21.135435708203598,7.37
21.107797917693023,7.38
21.08015807859473,7.390000000000001
21.052515732303277,7.4
21.02487053916185,7.41
20.997222190030026,7.42
20.969570387150725,7.43
20.9419148491782,7.44
20.914255319854725,7.45
20.886591573885347,7.46
20.85892341947155,7.47
20.83125190286077,7.48
20.803589014849567,7.49
20.77593576040982,7.5
20.748290144942015,7.51
20.72065008241919,7.5200000000000005
20.693014122489817,7.53
20.665381358485,7.54
20.637751175052713,7.55
20.61012306112463,7.5600000000000005
20.582496517897724,7.57
20.55487077768343,7.58
20.527243168607832,7.59
20.49961401510599,7.6000000000000005
20.47198429503085,7.61
20.444354072419145,7.62
20.416722865908778,7.63
20.389090088205695,7.640000000000001
20.36145520238419,7.65
20.333817750951848,7.66
20.306177343441092,7.67
20.278533639361303,7.68
20.250886336969753,7.69
20.223235167888674,7.7
20.19557989512533,7.71
20.167920312453507,7.72
20.140256253794096,7.73
20.112587767270234,7.74
20.084916985977415,7.75
20.057254907380823,7.76
20.02960226281105,7.7700000000000005
20.0019569925594,7.78
19.974317030369587,7.79
19.94668096900006,7.8
19.919047942399878,7.8100000000000005
19.891417365436304,7.82
19.863788746476438,7.83
19.836161597476654,7.84
19.80853540882045,7.8500000000000005
19.780909698127772,7.86
19.753284440628104,7.87
19.725660330084384,7.88
19.698038108268804,7.890000000000001
19.670418386688088,7.9
19.642801651999335,7.91
19.61518831454031,7.92
19.58757874884739,7.930000000000001
19.55997331689506,7.94
19.532371240247027,7.95
19.50476253672857,7.96
19.477145006869296,7.97
19.449519058705405,7.98
19.421885615135707,7.99
19.394246054745764,8.0
19.36660185013343,8.01
19.338954169527334,8.02
19.311303884390938,8.03
19.28365250848422,8.040000000000001
19.256007635969027,8.05
19.228369412598706,8.06
19.200736053750298,8.07
19.173105855443666,8.08
19.14547764746235,8.09
19.117850685659697,8.1
19.090224451869894,8.11
19.062598628250626,8.120000000000001
19.034973906112153,8.13
19.00735116978041,8.14
18.979731172311716,8.15
18.95211450445272,8.16
18.92450164709668,8.17
18.89689302367787,8.18
18.869289032079205,8.19
18.8416900591337,8.2
18.814096485344294,8.21
18.7865086855735,8.22
18.758927028741983,8.23
18.731350467544928,8.24
18.703764346023252,8.25
18.67616699933229,8.26
18.64856067665817,8.27
18.62094800518712,8.28
18.593330961547846,8.290000000000001
18.56571085497676,8.3
18.538088564165783,8.31
18.510464747152508,8.32
18.48283996786456,8.33
18.45521475767461,8.34
18.42758964040993,8.35
18.399965140483573,8.36
18.37234172268707,8.370000000000001
18.34471925382012,8.38
18.317097295146148,8.39
18.289477951618743,8.4
18.261862166649014,8.41
18.234250444237308,8.42
18.20664317620736,8.43
18.179040761479737,8.44
18.151443626715693,8.45
18.12385221436915,8.46
18.09626696729834,8.47
18.06868681935276,8.48
18.04109858584197,8.49
18.013499695247567,8.5
17.98589191756603,8.51
17.958277856852018,8.52
17.93065957284575,8.53
17.903038439094335,8.540000000000001
17.875416246809657,8.55
17.84780118754222,8.56
17.820193412417744,8.57
17.792590946012638,8.58
17.76499186600723,8.59
17.737394812888198,8.6
17.709798891422462,8.61
17.682203471756427,8.620000000000001
17.654608220757424,8.63
17.62701394147072,8.64
17.599421575285508,8.65
17.571831911864553,8.66
17.54424557549068,8.67
17.516663084368666,8.68
17.48908490436534,8.69
17.46151148022356,8.700000000000001
17.433942027853035,8.71
17.406365929283826,8.72
17.3787808562333,8.73
17.35118723591216,8.74
17.323585983100205,8.75
17.295978200382713,8.76
17.26836543487549,8.77
17.240750243393798,8.78
17.21314416006189,8.790000000000001
17.18554784088279,8.8
17.157958968622232,8.81
17.13037521100946,8.82
17.102794940588932,8.83
17.07521712421178,8.84
17.04764105601917,8.85
17.02006616086789,8.86
16.992491895904227,8.870000000000001
16.964917802629994,8.88
16.937344221210957,8.89
16.909772061367715,8.9
16.882202204947514,8.91
16.85463537202918,8.92
16.82707136670052,8.93
16.799503624685787,8.94
16.77193036216655,8.950000000000001
16.744351461223964,8.96
16.716767132080953,8.97
16.689177472418905,8.98
16.66158241769885,8.99
16.63398336670916,9.0
16.606395334240887,9.01
16.578819840986668,9.02
16.55125445124467,9.03
16.523696495881417,9.040000000000001
16.496144054188363,9.05
16.4685958843046,9.06
16.44105112914268,9.07
16.413508396969128,9.08
16.385960989269446,9.09
16.35840885875383,9.1
16.330853773157198,9.11
16.303297494247452,9.120000000000001
16.275741302308266,9.13
16.248185739279606,9.14
16.220630042524,9.15
16.193073238505264,9.16
16.165514491734296,9.17
16.137953147563934,9.18
16.110388684749555,9.19
16.082820665233893,9.200000000000001
16.055248703034852,9.21
16.027672449776095,9.22
16.000091589598554,9.23
15.972505837947352,9.24
15.944914941339093,9.25
15.917320244914116,9.26
15.889737449595952,9.27
15.862167934122875,9.28
15.834609117615313,9.290000000000001
15.80705826233967,9.3
15.779513442515462,9.31
15.751973439705733,9.32
15.72443742125543,9.33
15.696904698024184,9.34
15.669374602787379,9.35
15.641846451354203,9.36
15.614319543610723,9.370000000000001
15.586793137867456,9.38
15.55926623329471,9.39
15.531738465721832,9.4
15.504209287196241,9.41
15.47667809741634,9.42
15.449144306430187,9.43
15.421607360306353,9.44
15.394066748215094,9.450000000000001
15.366522002645427,9.46
15.338972698147641,9.47
15.31141845030562,9.48
15.283858915078703,9.49
15.256293788228323,9.5
15.228722807481494,9.51
15.201147421372426,9.52
15.173584034043042,9.53
15.146034094711663,9.540000000000001
15.118494911058152,9.55
15.090963629913869,9.56
15.063438253824698,9.57
15.035917532816322,9.58
15.008400627440139,9.59
14.980886853723366,9.6
14.953375553978091,9.61
14.925866054219298,9.620000000000001
14.898357663664552,9.63
14.870849735022192,9.64
14.843342158417803,9.65
14.81583587208474,9.66
14.788331908283084,9.67
14.760831128766666,9.68
14.733333380794978,9.69
14.705831613259114,9.700000000000001
14.678323825536554,9.71
14.65080979742999,9.72
14.623289675871995,9.73
14.595763503906857,9.74
14.568231163386567,9.75
14.540692439543074,9.76
14.513148819734628,9.77
14.485617723329721,9.78
14.458100758260029,9.790000000000001
14.430595104614444,9.8
14.4030977265339,9.81
14.375606469153126,9.82
14.348119964988117,9.83
14.320637290536222,9.84
14.293157701745296,9.85
14.26567998205486,9.86
14.23819900303977,9.870000000000001
14.21071508156255,9.88
14.183229945875093,9.89
14.155745111051079,9.9
14.128260402082534,9.91
14.100774939096196,9.92
14.073287789297252,9.93
14.045798155747692,9.94
14.018305382819195,9.950000000000001
13.99080891602353,9.96
13.96330826714199,9.97
13.935802994553928,9.98
13.908292694956955,9.99
13.88077700093323,10.0
13.853255580613297,10.01
13.825729949236324,10.02
13.798218311358523,10.03
13.770722328603917,10.040000000000001
13.743239043239173,10.05
13.715765280542646,10.06
13.688298788178058,10.07
13.660838131299439,10.08
13.633382329517246,10.09
13.605930579340516,10.1
13.57848211236086,10.11
13.55103614744538,10.120000000000001
13.523591615663001,10.13
13.496145465152912,10.14
13.468698237037264,10.15
13.44125058977884,10.16
13.41380209052838,10.17
13.386351961162058,10.18
13.358899400112033,10.19
13.331443684650857,10.200000000000001
13.303984180512273,10.21
13.276520326013873,10.22
13.249051616671892,10.23
13.221577596101016,10.24
13.194097851885704,10.25
13.16661201395899,10.26
13.139119753748686,10.27
13.111620904742363,10.28
13.084118339081318,10.290000000000001
13.056629821933557,10.3
13.029156873006484,10.31
13.00169641840921,10.32
12.974245228694919,10.33
12.946801046601928,10.34
12.919362459142375,10.35
12.891928516500691,10.36
12.864498444279711,10.370000000000001
12.83707149745105,10.38
12.809646911700062,10.39
12.782223904325077,10.4
12.754801879934213,10.41
12.72738180692195,10.42
12.699964912731193,10.43
12.672552244688045,10.44
12.645144628581269,10.450000000000001
12.617742740885232,10.46
12.590347181154334,10.47
12.562958516949163,10.48
12.535577305250882,10.49
12.50820222853072,10.5
12.48081691575255,10.51
12.453417845939518,10.52
12.426005793886148,10.53
12.398582766965532,10.540000000000001
12.371151545323585,10.55
12.343714412949046,10.56
12.316273033252264,10.57
12.288828643745182,10.58
12.261383458767046,10.59
12.233948617294898,10.6
12.206524379790375,10.61
12.179108130974797,10.620000000000001
12.151697330417102,10.63
12.124290200215462,10.64
12.096885587581303,10.65
12.069482786320199,10.66
12.04208223032522,10.67
12.01468526566605,10.68
11.987293209303694,10.69
11.959907129019017,10.700000000000001
11.932527878674927,10.71
11.905156182340637,10.72
11.877792697519542,10.73
11.850438048705582,10.74
11.823092840841579,10.75
11.795757662980899,10.76
11.76843308859678,10.77
11.74111967550906,10.78
11.71381574345944,10.790000000000001
11.686498324366669,10.8
11.659164828066157,10.81
11.631818746528976,10.82
11.60446412760692,10.83
11.577103993023602,10.84
11.549740335485728,10.85
11.522374501506295,10.86
11.495007521697367,10.870000000000001
11.467640304099882,10.88
11.440273723152384,10.89
11.412908651531207,10.9
11.385545945101542,10.91
11.35818609039277,10.92
11.330827965228247,10.93
11.303470270867273,10.94
11.276111943276094,10.950000000000001
11.248753215352334,10.96
11.221402779052722,10.97
11.194063170557715,10.98
11.166734818364988,10.99
11.13941777105778,11.0
11.112112257630322,11.01
11.084818740513978,11.02
11.057537823707671,11.03
11.030267817007918,11.040000000000001
11.002984693561617,11.05
10.975685910002507,11.06
10.948375247447403,11.07
10.921056990336757,11.08
10.893734287957201,11.09
10.866409179284723,11.1
10.839083014635316,11.11
10.811756812388307,11.120000000000001
10.784432174501793,11.13
10.757115936697137,11.14
10.729807614258652,11.15
10.702504892758926,11.16
10.6752057526675,11.17
10.647910095913321,11.18
10.62061907780916,11.19
10.593334025227012,11.200000000000001
10.566056105672924,11.21
10.538786302915751,11.22
10.511525476572483,11.23
10.484274418284285,11.24
10.457033884594198,11.25
10.429804610896914,11.26
10.402587315043485,11.27
10.375382696879349,11.28
10.348188897539538,11.290000000000001
10.320980394018331,11.3
10.293754337725225,11.31
10.266514727277432,11.32
10.23926616012067,11.33
10.212012053884196,11.34
10.184754654140384,11.35
10.157495475250336,11.36
10.130235677636197,11.370000000000001
10.10297628680313,11.38
10.075718924125141,11.39
10.048469862480518,11.4
10.021228526330242,11.41
9.99399271652267,11.42
9.96676104955931,11.43
9.939534320647963,11.44
9.912313901228407,11.450000000000001
9.885101128710756,11.46
9.857897161704452,11.47
9.830703005365516,11.48
9.803519567697728,11.49
9.776347700864035,11.5
9.74918822235676,11.51
9.722041922819706,11.52
9.694909567571301,11.53
9.667791896196949,11.540000000000001
9.640686936107473,11.55
9.61356708406702,11.56
9.586429324167256,11.57
9.559277924000886,11.58
9.532117773095527,11.59
9.504952494898882,11.6
9.47778446259271,11.61
9.450615273218201,11.620000000000001
9.423446151320338,11.63
9.396278182449338,11.64
9.369112418337961,11.65
9.34194991260644,11.66
9.314791778148992,11.67
9.287639478515961,11.68
9.26049368303158,11.69
9.233355333835787,11.700000000000001
9.206225471496536,11.71
9.179105151202423,11.72
9.151997175046413,11.73
9.124918393895856,11.74
9.097872066173574,11.75
9.070857362806727,11.76
9.043873088916136,11.77
9.016918701807361,11.78
8.989994270991415,11.790000000000001
8.963100200303941,11.8
8.936237005298052,11.81
8.909405195114477,11.82
8.882605229460559,11.83
8.855837513881625,11.84
8.82910240920422,11.85
8.802400243602701,11.86
8.775731323341,11.870000000000001
8.749095941645598,11.88
8.722494386199417,11.89
8.695926945777877,11.9
8.669393311543862,11.91
8.642887552916017,11.92
8.616408736387326,11.93
8.589957637872597,11.94
8.563535365461062,11.950000000000001
8.537142915212748,11.96
8.510781116945433,11.97
8.484450687268003,11.98
8.458152277138836,11.99
8.431886472599782,12.0
8.405653686349831,12.01
8.379453739899255,12.02
8.353285189460149,12.030000000000001
8.327145621605853,12.040000000000001
8.301032368249508,12.05
8.274942223446027,12.06
8.248865782174327,12.07
8.222799475172156,12.08
8.196741886381108,12.09
8.170692154076665,12.1
8.144649416689056,12.11
8.118612712171586,12.120000000000001
8.09258101769811,12.13
8.066553305036301,12.14
8.040528578735525,12.15
8.014504640167257,12.16
7.988547585400461,12.17
7.962670222195672,12.18
7.936870875873339,12.19
7.911144713560696,12.200000000000001
7.8854808198200725,12.21
7.859876010477635,12.22
7.834330346186178,12.23
7.8088448947362865,12.24
7.78342080400514,12.25
7.758059005319273,12.26
7.732760129773048,12.27
7.707524440261013,12.280000000000001
7.682351705490735,12.290000000000001
7.6572403704122936,12.3
7.632179970898607,12.31
7.6071660860986725,12.32
7.582196278057259,12.33
7.557268463069781,12.34
7.532380430714267,12.35
7.50752981860892,12.36
7.482714202846915,12.370000000000001
7.457931182309393,12.38
7.4331776871535515,12.39
7.408442230238203,12.4
7.383720710868761,12.41
7.359011779181258,12.42
7.33431481146758,12.43
7.309624409677597,12.44
7.285039704139946,12.450000000000001
7.260580117320655,12.46
7.236243460916148,12.47
7.21202275305343,12.48
7.187902770452031,12.49
7.163878221950078,12.5
7.139948196473771,12.51
7.116113283197336,12.52
7.092374308625116,12.530000000000001
7.068731879018918,12.540000000000001
7.045185647989131,12.55
7.021724437462389,12.56
6.998344870188487,12.57
6.975046085620914,12.58
6.951827415416372,12.59
6.928687604182276,12.6
6.9056247396309205,12.61
6.882635779100047,12.620000000000001
6.8597064974348845,12.63
6.8368313798328,12.64
6.814008153553968,12.65
6.7912353836728645,12.66
6.768511626638801,12.67
6.74583453545595,12.68
6.723190520211329,12.69
6.7005752220353125,12.700000000000001
6.677987702148671,12.71
6.6554195514652905,12.72
6.633004218393973,12.73
6.610768563149914,12.74
6.58870944059028,12.75
6.566805211422563,12.76
6.545045550998965,12.77
6.523425241501577,12.780000000000001
6.501942970727907,12.790000000000001
6.480598376695784,12.8
6.4593782291320725,12.81
6.438279410457712,12.82
6.417302253153906,12.83
6.396447582342435,12.84
6.375715641148947,12.85
6.355105407272166,12.86
6.334601452894186,12.870000000000001
6.314198603972172,12.88
6.293895253671636,12.89
6.273690456855103,12.9
6.253582405674803,12.91
6.23355485964693,12.92
6.2136024860461,12.93
6.193723895187053,12.94
6.173918612076055,12.950000000000001
6.154185380447576,12.96
6.134508477264183,12.97
6.114883577670485,12.98
6.095310472958516,12.99
6.075778712069947,13.0
6.056451568351792,13.01
6.037361739436469,13.02
6.0184895090556525,13.030000000000001
5.999819723711911,13.040000000000001
5.981343753512266,13.05
5.963057557250025,13.06
5.944959303825617,13.07
5.927032022907749,13.08
5.909271573301781,13.09
5.891678286693281,13.1
5.8742532720665475,13.11
5.8569968586382295,13.120000000000001
5.839891959715293,13.13
5.822933764364653,13.14
5.806121539971231,13.15
5.789451939446686,13.16
5.772906418631118,13.17
5.756480038603711,13.18
5.7401723752761535,13.19
5.723983720326941,13.200000000000001
5.707913442654385,13.21
5.691943166434219,13.22
5.676067966852531,13.23
5.660287660540041,13.24
5.644603070595682,13.25
5.629014195095852,13.26
5.613493440037443,13.27
5.598207251357909,13.280000000000001
5.583191371838302,13.290000000000001
5.568442490733861,13.3
5.553949152706472,13.31
5.539683285940129,13.32
5.525635267176798,13.33
5.5118033848754,13.34
5.498188463022038,13.35
5.484772450031207,13.36
5.471551843017749,13.370000000000001
5.458527866418997,13.38
5.44569792709008,13.39
5.433062014566545,13.4
5.42060076642201,13.41
5.408309806790814,13.42
5.3961895637960255,13.43
5.384240872323813,13.44
5.3724441430875,13.450000000000001
5.3607947435041,13.46
5.349292957988349,13.47
5.337939524688868,13.48
5.32671492590982,13.49
5.315615012029756,13.5
5.304640737087564,13.51
5.293793897253809,13.52
5.2830753305049765,13.530000000000001
5.272461026897915,13.540000000000001
5.262105332487222,13.55
5.252043714529204,13.56
5.242267482440964,13.57
5.232764558985984,13.58
5.223505524648864,13.59
5.2144819189708755,13.6
5.205693606560033,13.61
5.197142759167392,13.620000000000001
5.188810064431742,13.63
5.1806925395387395,13.64
5.172792281761671,13.65
5.165111830177992,13.66
5.1576313371821705,13.67
5.150347121224738,13.68
5.143260505340435,13.69
5.136373238690862,13.700000000000001
5.129685958510189,13.71
5.123170209440528,13.72
5.11681986378847,13.73
5.110636132083977,13.74
5.104621035099058,13.75
5.0987543359914875,13.76
5.093032570677678,13.77
5.0874575293442685,13.780000000000001
5.082031616244789,13.790000000000001
5.076756017775594,13.8
5.071611608752478,13.81
5.066723677607953,13.82
5.062123391717762,13.83
5.0578086832127065,13.84
5.053748549572465,13.85
5.0499244741862315,13.86
5.046333590321303,13.870000000000001
5.042978289766475,13.88
5.0398615937983235,13.89
5.03696352872811,13.9
5.034281573534126,13.91
5.031818461534549,13.92
5.029577218735324,13.93
5.027559537114585,13.94
5.025743778040129,13.950000000000001
5.024125912113298,13.96
5.022707340206502,13.97
5.021489531037348,13.98
5.020442688768629,13.99
5.019561634551421,14.0
5.018848779757186,14.01
5.0183072681800445,14.02
5.017938506542835,14.030000000000001
5.017720923689165,14.040000000000001
5.017650810934406,14.05
5.017730036714264,14.06
5.017961086481535,14.07
5.018347179671849,14.08
5.018960399638842,14.09
5.019818283985352,14.1
5.020910824360684,14.11
5.02223232699044,14.120000000000001
5.023780657531734,14.13
5.025534087996602,14.14
5.0274905773625775,14.15
5.029654090265092,14.16
5.03202899262288,14.17
5.034617944418112,14.18
5.03740066694717,14.19
5.040374665983529,14.200000000000001
5.04354267512871,14.21
5.046907398365704,14.22
5.0504603313789085,14.23
5.054178612356072,14.24
5.058059899849162,14.25
5.062107473960302,14.26
5.066324533492016,14.27
5.07071203769022,14.280000000000001
5.075248671660863,14.290000000000001
5.079930952047174,14.3
5.084760745096125,14.31
5.089740309966816,14.32
5.094870902809651,14.33
5.10015145959331,14.34
5.105552271156414,14.35
5.111116468232271,14.36
5.116860344143076,14.370000000000001
5.122789034136739,14.38
5.128903302472869,14.39
5.135183098754119,14.4
5.141627180738626,14.41
5.148240192849474,14.42
5.155027271206735,14.43
5.1619923739967195,14.44
5.169137281459198,14.450000000000001
5.176442342705521,14.46
5.183895503913058,14.47
5.19149891419193,14.48
5.199257574616163,14.49
5.207175413272488,14.5
5.215253583327027,14.51
5.223472305442188,14.52
5.231829059626333,14.530000000000001
5.240326282617235,14.540000000000001
5.248966539929886,14.55
5.257751209285473,14.56
5.266680548486068,14.57
5.275752289248177,14.58
5.284934731786116,14.59
5.29422318186265,14.6
5.303620952339168,14.61
5.313131874535538,14.620000000000001
5.3227585824742425,14.63
5.332507631979989,14.64
5.342384664306904,14.65
5.352375651064145,14.66
5.362482889746463,14.67
5.372712989588164,14.68
5.3830723162371905,14.69
5.393565828773937,14.700000000000001
5.404196466915084,14.71
5.414954913484588,14.72
5.42582271629713,14.73
5.43680109002652,14.74
5.447896140709787,14.75
5.459113392790891,14.76
5.470456532664715,14.77
5.48192768167993,14.780000000000001
5.4935279399666985,14.790000000000001
5.505256355887061,14.8
5.517094113765368,14.81
5.5290389903647466,14.82
5.541093445253912,14.83
5.553259979761282,14.84
5.565539899317327,14.85
5.577932534220958,14.86
5.590426630392149,14.870000000000001
5.603020164520365,14.88
5.615712145975801,14.89
5.628484781338496,14.9
5.641333031137866,14.91
5.654224995422055,14.92
5.667165595115084,14.93
5.680168219585748,14.94
5.693244811466723,14.950000000000001
5.706403904992424,14.96
5.719651377152867,14.97
5.732989889084676,14.98
5.746405160852394,14.99
5.759898498774774,15.0
5.773475532856524,15.01
5.7871407888923745,15.02
5.800887840047026,15.030000000000001
5.814718678934025,15.040000000000001
5.828637211230546,15.05
5.842646883273959,15.06
5.856750137227198,15.07
5.870948532454657,15.08
5.885242986685224,15.09
5.899632249336701,15.1
5.914099216937457,15.11
5.92864199313523,15.120000000000001
5.943262886134015,15.13
5.957964168464343,15.14
5.972746975474469,15.15
5.98761141542241,15.16
6.002556940584909,15.17
6.017582644320679,15.18
6.032680008498329,15.19
6.0477785142313945,15.200000000000001
6.06287622935434,15.21
6.077989859226181,15.22
6.093135978217986,15.23
6.108326412813215,15.24
6.123565938752039,15.25
6.138832960718874,15.26
6.154128928699782,15.27
6.169461764022445,15.280000000000001
6.184839448622396,15.290000000000001
6.200268305092608,15.3
6.215753089215068,15.31
6.231297477976511,15.32
6.246904455621398,15.33
6.26257652004168,15.34
6.27831576385409,15.35
6.294123894918913,15.36
6.310002238007731,15.370000000000001
6.325951737198038,15.38
6.341972965249195,15.39
6.358066140170947,15.4
6.374231147264658,15.41
6.390467564768612,15.42
6.406774691634261,15.43
6.423151576390908,15.44
6.439597046375598,15.450000000000001
6.456109736809126,15.46
6.472688119321289,15.47
6.489319810310369,15.48
6.505909575886013,15.49
6.522452141104078,15.5
6.538967239580417,15.51
6.555475023730456,15.52
6.571989862482198,15.530000000000001
6.588521044656493,15.540000000000001
6.605074861050899,15.55
6.621656182703021,15.56
6.638269279914448,15.57
6.654918120507466,15.58
6.67160641148971,15.59
6.688337551267904,15.6
6.7051145710287505,15.610000000000001
6.721940091953857,15.620000000000001
6.738816301940835,15.63
6.755744948330959,15.64
6.772727342476887,15.65
6.789764373052154,15.66
6.806856526000275,15.67
6.82400390957249,15.68
6.841206283139516,15.69
6.858463088580378,15.700000000000001
6.875773483170892,15.71
6.8931363730503605,15.72
6.9105504465238115,15.73
6.928014206630215,15.74
6.945526002553492,15.75
6.963085091740101,15.76
6.9805488519285905,15.77
6.997911327114494,15.780000000000001
7.015197918216862,15.790000000000001
7.032434235043777,15.8
7.049638539875799,15.81
7.066822754090792,15.82
7.083995098474887,15.83
7.101162062896338,15.84
7.118329421158137,15.85
7.1355026007909315,15.860000000000001
7.15268673630752,15.870000000000001
7.169886609622654,15.88
7.1871065722693634,15.89
7.204350482056856,15.9
7.221621660515741,15.91
7.238922869809111,15.92
7.256256307051075,15.93
7.273623614422516,15.94
7.291025903257367,15.950000000000001
7.308463789460982,15.96
7.325937436869483,15.97
7.343448112430207,15.98
7.361010784705463,15.99
7.378635588592395,16.0
7.396320514009958,16.01
7.414060505139825,16.02
7.431850690274542,16.03
7.449687043943624,16.04
7.467574367338535,16.05
7.485343009722152,16.06
7.502983681981739,16.07
7.520522930172475,16.080000000000002
7.537988409553047,16.09
7.555400218691515,16.1
7.572771711213858,16.11
7.590112206390822,16.12
7.607429061573581,16.13
7.624729995097967,16.14
7.64203578789047,16.15
7.659354278727572,16.16
7.676688912238681,16.17
7.694042107942858,16.18
7.711416190920401,16.19
7.728813359832262,16.2
7.746236201202138,16.21
7.763694849676946,16.22
7.781191226334636,16.23
7.798724247211892,16.240000000000002
7.8162932534887375,16.25
7.833910737875532,16.26
7.851576797414014,16.27
7.869287571235796,16.28
7.887038610878902,16.29
7.904825878189817,16.3
7.922645801953412,16.31
7.940495102022667,16.32
7.958370637064634,16.330000000000002
7.9762816952789315,16.34
7.9940461722691065,16.35
8.011651831540286,16.36
8.029139721235685,16.37
8.046541161328447,16.38
8.063876999537749,16.39
8.081169030347638,16.4
8.098428187240355,16.41
8.115661471790238,16.42
8.132874870097858,16.43
8.150075177525464,16.44
8.167283172308911,16.45
8.184507002029289,16.46
8.201750268780007,16.47
8.219015149130149,16.48
8.236303071179808,16.490000000000002
8.253614454094368,16.5
8.270948514723703,16.51
8.288305003671846,16.52
8.305704675465407,16.53
8.323148868170545,16.54
8.340632589342885,16.55
8.358149883345744,16.56
8.375695485647787,16.57
8.393264961294435,16.580000000000002
8.41085538579727,16.59
8.42847800932628,16.6
8.446131911910904,16.61
8.463812223924094,16.62
8.481511075430047,16.63
8.499181708018082,16.64
8.516812584181421,16.65
8.534404028814714,16.66
8.551959686297655,16.67
8.569503989289611,16.68
8.587041280757184,16.69
8.604568837210676,16.7
8.622082519838452,16.71
8.639578694967026,16.72
8.65705454805656,16.73
8.674508641964367,16.740000000000002
8.691954376859142,16.75
8.709393177855052,16.76
8.72682306763875,16.77
8.744244032488727,16.78
8.761660372117802,16.79
8.779078544459292,16.8
8.796513050950022,16.81
8.813985892370768,16.82
8.831504016117629,16.830000000000002
8.849069343252093,16.84
8.86668284594159,16.85
8.884345780710854,16.86
8.902060696571882,16.87
8.919844378564386,16.88
8.937701240409394,16.89
8.955631453820244,16.9
8.973643348247412,16.91
8.991570776370407,16.92
9.009385064347677,16.93
9.027094883568399,16.94
9.044736448957941,16.95
9.062324253773339,16.96
9.079862330243968,16.97
9.097350754650895,16.98
9.114788694041058,16.990000000000002
9.132175967953364,17.0
9.149527872710932,17.01
9.166847758071558,17.02
9.184135320997987,17.03
9.201390220916604,17.04
9.218613413199652,17.05
9.235807913477839,17.06
9.25299351563535,17.07
9.270184988365857,17.080000000000002
9.2873877647439,17.09
9.304604675411785,17.1
9.321838397701548,17.11
9.339092598006829,17.12
9.356386127949058,17.13
9.373725352176502,17.14
9.391112222689651,17.150000000000002
9.408547671010005,17.16
9.426033428050253,17.17
9.443586182021527,17.18
9.461214091507232,17.19
9.478779893443988,17.2
9.496260358221733,17.21
9.5136599284306,17.22
9.530988292311518,17.23
9.548268385251463,17.240000000000002
9.565507548874756,17.25
9.582706751860904,17.26
9.599865100437222,17.27
9.616981955086871,17.28
9.634072871602658,17.29
9.651141317377357,17.3
9.668186977817484,17.31
9.685209308037177,17.32
9.702209049960773,17.330000000000002
9.719203968291641,17.34
9.736205810004087,17.35
9.753217720937089,17.36
9.770240694072719,17.37
9.787276341507287,17.38
9.804342483887844,17.39
9.821444685551695,17.400000000000002
9.83858432515825,17.41
9.855761952448226,17.42
9.87297836256401,17.43
9.890235282192606,17.44
9.90754997407307,17.45
9.924926932285397,17.46
9.942363217219746,17.47
9.959761633382815,17.48
9.977101842660316,17.490000000000002
9.994400621385882,17.5
10.011666569649806,17.51
10.028902808795408,17.52
10.046109686786366,17.53
10.063286837394466,17.54
10.080449598556473,17.55
10.097600612711021,17.56
10.1147383587801,17.57
10.13186080771631,17.580000000000002
10.148967016102429,17.59
10.166072943191242,17.6
10.183182434471197,17.61
10.200295498704588,17.62
10.217411893938896,17.63
10.234537499217744,17.64
10.251690644520883,17.650000000000002
10.268875897026195,17.66
10.286093382189522,17.67
10.303342592733143,17.68
10.320624096862895,17.69
10.337954631479745,17.7
10.355338367883567,17.71
10.372775173514507,17.72
10.39026407943225,17.73
10.40778125715382,17.740000000000002
10.425549670258063,17.75
10.443585943852922,17.76
10.46185835406873,17.77
10.480329832980699,17.78
10.498970367285578,17.79
10.517757638623586,17.8
10.53667588830869,17.81
10.555726519737275,17.82
10.57490033125099,17.830000000000002
10.594188743052435,17.84
10.613579840235674,17.85
10.633061601037591,17.86
10.652622859678774,17.87
10.672253394982759,17.88
10.691945064797718,17.89
10.71170387047351,17.900000000000002
10.731523908016033,17.91
10.75139581571136,17.92
10.77131022393147,17.93
10.791258811205905,17.94
10.811234385575029,17.95
10.831230710392564,17.96
10.851242344095256,17.97
10.871264554701211,17.98
10.891294591213345,17.990000000000002
10.911343780847485,18.0
10.93141187847358,18.01
10.951495609089383,18.02
10.971592219049594,18.03
10.991700575671858,18.04
11.011821148765046,18.05
11.031955586290943,18.06
11.05210624358843,18.07
11.072275821523915,18.080000000000002
11.092468466381758,18.09
11.112701512896699,18.1
11.132979900006687,18.11
11.153304519206563,18.12
11.173675597543534,18.13
11.194093712198327,18.14
11.214559846692783,18.150000000000002
11.23507519996245,18.16
11.25564101131785,18.17
11.276277575343235,18.18
11.296777363297672,18.19
11.317118838911476,18.2
11.337334194407921,18.21
11.357446799165952,18.22
11.377470004510847,18.23
11.397413688363745,18.240000000000002
11.417281853315366,18.25
11.437076592413595,18.26
11.456799834378971,18.27
11.476453952870338,18.28
11.496042811777114,18.29
11.51558494228793,18.3
11.535087125009118,18.31
11.554552560137184,18.32
11.573984206607923,18.330000000000002
11.593385766891858,18.34
11.612761688189066,18.35
11.632117838831627,18.36
11.651474409643097,18.37
11.670839219819287,18.38
11.690215817790035,18.39
11.709606827935385,18.400000000000002
11.729014997981182,18.41
11.748443297560058,18.42
11.76789579389825,18.43
11.787390411923967,18.44
11.806932491065163,18.45
11.826549949607509,18.46
11.846024972076235,18.47
11.865313292042863,18.48
11.884412582879708,18.490000000000002
11.903340859752255,18.5
11.922133212404072,18.51
11.940807941199534,18.52
11.959375006528546,18.53
11.977840704485473,18.54
11.99621018881867,18.55
12.014503951162483,18.56
12.03273236678415,18.57
12.050899284830823,18.580000000000002
12.069007124210568,18.59
12.087059080268688,18.6
12.105074910079484,18.61
12.12306234212208,18.62
12.141025074007338,18.63
12.158966100207017,18.64
12.176889166160262,18.650000000000002
12.19481415309687,18.66
12.212748378767987,18.67
12.230694684594047,18.68
12.248654860151145,18.69
12.266631280747534,18.7
12.284642139352234,18.71
12.302692894435468,18.72
12.320784457146653,18.73
12.338975072114108,18.740000000000002
12.357007688028379,18.75
12.37484014190151,18.76
12.392464692439688,18.77
12.409889336390604,18.78
12.42713563293053,18.79
12.444223104515212,18.8
12.461184853523571,18.81
12.478036872997913,18.82
12.49478727094876,18.830000000000002
12.511440559149003,18.84
12.528017955932008,18.85
12.54452724864637,18.86
12.560971292479268,18.87
12.57736993172303,18.88
12.593730117015257,18.89
12.610056388301242,18.900000000000002
12.62635109090235,18.91
12.642634110334766,18.92
12.658912430993828,18.93
12.675188514254758,18.94
12.691463694908826,18.95
12.707756934430126,18.96
12.72407412728875,18.97
12.74041646917979,18.98
12.756784010635219,18.990000000000002
12.773194177523832,19.0
12.789708816187337,19.01
12.8060891189045,19.02
12.822244771406156,19.03
12.83817323445241,19.04
12.853890492550073,19.05
12.869421896635874,19.06
12.884788208782885,19.07
12.900024628851153,19.080000000000002
12.915148050541916,19.09
12.930165723220936,19.1
12.94510075877827,19.11
12.959961091269513,19.12
12.9747482515675,19.13
12.98948217206954,19.14
13.004169280318452,19.150000000000002
13.018811545025274,19.16
13.033409401593023,19.17
13.047983320645423,19.18
13.062540402703855,19.19
13.0770821424283,19.2
13.0916282733029,19.21
13.106184576360235,19.22
13.120751223185758,19.23
13.135346496392817,19.240000000000002
13.149974738833945,19.25
13.164635424813309,19.26
13.179327007212702,19.27
13.194111648228823,19.28
13.208755531224067,19.29
13.223159440685707,19.3
13.237318523917784,19.31
13.251251153795131,19.32
13.264983317220164,19.330000000000002
13.278557920044646,19.34
13.291997741700282,19.35
13.305315117484374,19.36
13.318515575565852,19.37
13.331623562983955,19.38
13.344647912881838,19.39
13.357590004120137,19.400000000000002
13.37047112389116,19.41
13.38329672436032,19.42
13.39608852298452,19.43
13.408852670813518,19.44
13.421588750693632,19.45
13.434316531153113,19.46
13.44704157559605,19.47
13.459763202257356,19.48
13.472500594468302,19.490000000000002
13.485258491598195,19.5
13.498035355751094,19.51
13.51084922214901,19.52
13.523703610463608,19.53
13.536626788065817,19.54
13.549382283676122,19.55
13.56193464836507,19.56
13.574294944054733,19.57
13.586480444423813,19.580000000000002
13.598528273660948,19.59
13.610455982173738,19.6
13.622269797304176,19.61
13.63399464743092,19.62
13.645636953842045,19.63
13.657219304569077,19.64
13.668747453454001,19.650000000000002
13.68021958571851,19.66
13.691655182517389,19.67
13.703059124169812,19.68
13.71442960767556,19.69
13.725786109470713,19.7
13.737133417129433,19.71
13.748469615870846,19.72
13.759813719327084,19.73
13.771169910140516,19.740000000000002
13.782535703621182,19.75
13.793929241377324,19.76
13.805353557465942,19.77
13.816808669641398,19.78
13.82831265215229,19.79
13.839888783848645,19.8
13.851339473822138,19.81
13.862634401108343,19.82
13.87377934068815,19.830000000000002
13.884786049259528,19.84
13.895687469154506,19.85
13.906497682801312,19.86
13.917220163269572,19.87
13.927877771020247,19.88
13.938476879659301,19.89
13.949015935776107,19.900000000000002
13.959514530023254,19.91
13.969976652172134,19.92
13.980404169768974,19.93
13.990817232010484,19.94
14.001219682510296,19.95
14.0116082857734,19.96
14.022001245060839,19.97
14.032401828499514,19.98
14.042806749670808,19.990000000000002
14.053233883865971,20.0
14.063686085013734,20.01
14.074159712955067,20.02
14.08467192500021,20.03
14.095224507139516,20.04
14.105818520293049,20.05
14.116481846606257,20.06
14.127073366990214,20.07
14.13754993269473,20.080000000000002
14.147929651680816,20.09
14.158225896767354,20.1
14.168444786075273,20.11
14.178610943914888,20.12
14.18873132854582,20.13
14.198804478785341,20.14
14.208848684763815,20.150000000000002
14.21887334344555,20.16
14.228876310073407,20.17
14.238874769133215,20.18
14.24887042254563,20.19
14.258858722562822,20.2
14.268856304855502,20.21
14.278865056691638,20.22
14.288882109258937,20.23
14.298902353152151,20.240000000000002
14.308949984331473,20.25
14.319029230706988,20.26
14.329136269116715,20.27
14.33928707086099,20.28
14.349482558902864,20.29
14.359717931848941,20.3
14.370008572753184,20.31
14.380359792987568,20.32
14.390674890569796,20.330000000000002
14.400923292808198,20.34
14.411129509070479,20.35
14.421303815866821,20.36
14.43144770319347,20.37
14.44158037637126,20.38
14.451704454028162,20.39
14.46181685395621,20.400000000000002
14.471912452081211,20.41
14.482007469883692,20.42
14.492103109257105,20.43
14.502203147632722,20.44
14.512325087392485,20.45
14.52246940388399,20.46
14.53263142468724,20.47
14.542805393008402,20.48
14.553006864192616,20.490000000000002
14.563237110926543,20.5
14.573492500575133,20.51
14.583776820728371,20.52
14.594107965057862,20.53
14.60448691057527,20.54
14.614909322172547,20.55
14.625369903604982,20.56
14.635883805216542,20.57
14.646452560657773,20.580000000000002
14.657035456100026,20.59
14.667616156142408,20.6
14.678217012566448,20.61
14.688841367998306,20.62
14.6994852776464,20.63
14.710142729120484,20.64
14.720827301138078,20.650000000000002
14.73153820020531,20.66
14.742270097624926,20.67
14.753017023366397,20.68
14.763792733606891,20.69
14.774606136485325,20.7
14.785454293577722,20.71
14.796331238634638,20.72
14.807250012088238,20.73
14.818209752752352,20.740000000000002
14.829205462170297,20.75
14.840231918006072,20.76
14.851285018621878,20.77
14.862389399713857,20.78
14.873547799321967,20.79
14.884755728086267,20.8
14.896007626050618,20.81
14.907299130983466,20.82
14.918644958795438,20.830000000000002
14.930045839106057,20.84
14.941498034778695,20.85
14.95299781376627,20.86
14.964564810715489,20.87
14.976214451269408,20.88
14.987941028653616,20.89
14.999733573410735,20.900000000000002
15.011581697098286,20.91
15.02347754187806,20.92
15.035432072709355,20.93
15.047442832274529,20.94
15.059503278809352,20.95
15.07160698966436,20.96
15.083758049672578,20.97
15.095954011829255,20.98
15.108207269613922,20.990000000000002
15.120515822201167,21.0
15.132873588907263,21.01
15.145274445112733,21.02
15.157713350965173,21.03
15.170187175910309,21.04
15.182710013335026,21.05
15.19528217661262,21.06
15.207900221926307,21.07
15.220569995963595,21.080000000000002
15.233289620242399,21.09
15.24605531499889,21.1
15.258864524458808,21.11
15.271731493873169,21.12
15.284656928723104,21.13
15.297641427064034,21.14
15.31074222139168,21.150000000000002
15.32396194915624,21.16
15.337286780935544,21.17
15.350703523087024,21.18
15.364226789628203,21.19
15.37785147514782,21.2
15.391567255223514,21.21
15.40536404284424,21.22
15.419233392755016,21.23
15.433168376407835,21.240000000000002
15.447163131857527,21.25
15.46121250268865,21.26
15.47531315386325,21.27
15.489477048994214,21.28
15.50370268972266,21.29
15.517984552052953,21.3
15.532316905182851,21.31
15.546695836995283,21.32
15.561127925893041,21.330000000000002
15.575611624075052,21.34
15.59014313461526,21.35
15.604718737241267,21.36
15.619336866397079,21.37
15.634011191495338,21.38
15.648742294861378,21.39
15.663526887201364,21.400000000000002
15.678361480059928,21.41
15.693243440147796,21.42
15.708179400808888,21.43
15.723270635999361,21.44
15.738525590346525,21.45
15.753925423914115,21.46
15.769449052620946,21.47
15.785080200190695,21.48
15.800807384854629,21.490000000000002
15.816623832184693,21.5
15.832539187266725,21.51
15.848559847932805,21.52
15.864679624009746,21.53
15.880889507704374,21.54
15.897181167394177,21.55
15.913547663794017,21.56
15.929983220576156,21.57
15.946482862043018,21.580000000000002
15.963042163087247,21.59
15.979657124458747,21.6
15.99632412630006,21.61
16.01303991735072,21.62
16.02980161499956,21.63
16.04660670518947,21.64
16.063453038625678,21.650000000000002
16.0803388228061,21.66
16.09726261029476,21.67
16.114223283767167,21.68
16.131220038288205,21.69
16.14825236123951,21.7
16.165320010315515,21.71
16.18242299003027,21.72
16.19955768786167,21.73
16.21688103351153,21.740000000000002
16.23440014375469,21.75
16.252088370277765,21.76
16.26991854826202,21.77
16.287871269000533,21.78
16.305933973640233,21.79
16.324098193973413,21.8
16.342357423936633,21.81
16.36070596713776,21.82
16.379138461875954,21.830000000000002
16.397649750688846,21.84
16.416234883986238,21.85
16.43488915800622,21.86
16.453608151470668,21.87
16.47238775339328,21.88
16.491224183273324,21.89
16.510114005920432,21.900000000000002
16.529054142129446,21.91
16.54804187546635,21.92
16.56707485498125,21.93
16.586151093612372,21.94
16.605268962187925,21.95
16.62442717912783,21.96
16.643624796128417,21.97
16.66286118025201,21.98
16.682135992940715,21.990000000000002
16.701449166532544,22.0
16.720800878886116,22.01
16.740191526723684,22.02
16.759607422601917,22.03
16.779242284982224,22.04
16.799100059064102,22.05
16.819147040098542,22.06
16.83935087013493,22.07
16.859689452989926,22.080000000000002
16.880149197126936,22.09
16.90072134853122,22.1
16.921399292566207,22.11
16.94217714688941,22.12
16.963049223066335,22.13
16.984009918941126,22.14
17.005052895640517,22.150000000000002
17.026162704943165,22.16
17.047320512196684,22.17
17.068522070751897,22.18
17.089766946961593,22.19
17.111054682442884,22.2
17.132384028213096,22.21
17.153753239896893,22.22
17.17516051641358,22.23
17.19660429663078,22.240000000000002
17.21808339646404,22.25
17.239597042211823,22.26
17.261144852824977,22.27
17.282726803103934,22.28
17.304343182687887,22.29
17.3259932701051,22.3
17.347665024262806,22.31
17.36935834847345,22.32
17.391076618709235,22.330000000000002
17.412803554348308,22.34
17.434740181668715,22.35
17.45688785597918,22.36
17.479202623695226,22.37
17.501650906962446,22.38
17.524212766026558,22.39
17.546877461483398,22.400000000000002
17.569637887293712,22.41
17.592476992219428,22.42
17.61538952454264,22.43
17.6383732873381,22.44
17.66142597755717,22.45
17.684544533768257,22.46
17.707725389329635,22.47
17.73096486845648,22.48
17.754259473068696,22.490000000000002
17.777604558008584,22.5
17.800977798796367,22.51
17.82437552191774,22.52
17.847799405846988,22.53
17.87125145166157,22.54
17.8947327499189,22.55
17.918243677341742,22.56
17.941784364208335,22.57
17.96535503293769,22.580000000000002
17.98895524233682,22.59
18.012573901557918,22.6
18.03621124755753,22.61
18.05987072135267,22.62
18.083555875331733,22.63
18.107249943994567,22.64
18.13112964584407,22.650000000000002
18.155193630059955,22.66
18.179407030320505,22.67
18.203727618195398,22.68
18.228135633208943,22.69
18.25262309870338,22.7
18.277186601130285,22.71
18.30182362920577,22.72
18.326531266056687,22.73
18.35130559666,22.740000000000002
18.376131595392764,22.75
18.401004610657882,22.76
18.42591692417306,22.77
18.45086697135125,22.78
18.475854290998004,22.79
18.500877571262112,22.8
18.525924699909165,22.81
18.550993953596013,22.82
18.576086518764015,22.830000000000002
18.601203750333596,22.84
18.626346544316284,22.85
18.651514958874625,22.86
18.676698451264855,22.87
18.701891465732103,22.88
18.727096849671735,22.89
18.75231889678444,22.900000000000002
18.777561150174005,22.91
18.80282565891063,22.92
18.828103835801613,22.93
18.853376996326254,22.94
18.878809757096867,22.95
18.90438972398743,22.96
18.930085258016042,22.97
18.955869393233872,22.98
18.98171060063704,22.990000000000002
19.007600899296612,23.0
19.033540312008867,23.01
19.059529785644397,23.02
19.08556888018752,23.03
19.111655560129098,23.04
19.137777070701166,23.05
19.163930071350247,23.06
19.1901137102716,23.07
19.216327148199042,23.080000000000002
19.242564414503207,23.09
19.268814898083445,23.1
19.295079007871863,23.11
19.321359730877365,23.12
19.34765962233592,23.13
19.37398002105648,23.14
19.40031231947544,23.150000000000002
19.426657016565006,23.16
19.453016891272114,23.17
19.479394551999466,23.18
19.505791617650857,23.19
19.53219599710909,23.2
19.55860886190643,23.21
19.585034603869357,23.22
19.611477590058296,23.23
19.637965334898645,23.240000000000002
19.664490674858868,23.25
19.691049122409574,23.26
19.71763903313389,23.27
19.74426062375255,23.28
19.770914865490226,23.29
19.797594039961176,23.3
19.82429551114043,23.31
19.85102229957846,23.32
19.877777722554463,23.330000000000002
19.904563839637326,23.34
19.931373076197893,23.35
19.958205869985633,23.36
19.985064324449894,23.37
20.01194975660987,23.38
20.03886073755241,23.39
20.065785748443613,23.400000000000002
20.092721885043147,23.41
20.119665663279267,23.42
20.146617164887815,23.43
20.17357653179839,23.44
20.200535401764895,23.45
20.227493119565494,23.46
20.254450624235556,23.47
20.28140842665558,23.48
20.308366022508824,23.490000000000002
20.335314819527678,23.5
20.36225424581784,23.51
20.389183700603542,23.52
20.41616793468341,23.53
20.443208826395708,23.54
20.470283574859895,23.55
20.49738229742953,23.56
20.52450283325679,23.57
20.551646415394092,23.580000000000002
20.578815028998697,23.59
20.606002869366396,23.6
20.6332112979531,23.61
20.660442794612763,23.62
20.687698944362875,23.63
20.714980133008968,23.64
20.742278701570655,23.650000000000002
20.769594018764653,23.66
20.796926690781522,23.67
20.824276599876796,23.68
20.85164031207128,23.69
20.879009612327785,23.7
20.90638403380604,23.71
20.933764586246777,23.72
20.961151535446458,23.73
20.988537732765536,23.740000000000002
21.015922694160828,23.75
21.043307261352,23.76
21.07069186024266,23.77
21.09807602928177,23.78
21.125452578490858,23.79
21.152821259982044,23.8
21.18018421203404,23.81
21.207565209131847,23.82
21.234963977071253,23.830000000000002
21.262370405263688,23.84
21.289782223474297,23.85
21.317200444523266,23.86
21.344626963019923,23.87
21.372063338273204,23.88
21.399504678318362,23.89
21.42695239823684,23.900000000000002
21.454408987215658,23.91
21.48187624249126,23.92
21.509355003684394,23.93
21.53684519785128,23.94
21.56434056918369,23.95
21.591841128670783,23.96
21.619348095783202,23.97
21.646862193060926,23.98
21.674383162081,23.990000000000002
21.701904667095523,24.0
21.729425061800434,24.01
21.756945545604765,24.02
21.784467223676216,24.03
21.811990107545807,24.04
21.839508312554194,24.05
21.86702174672144,24.060000000000002
21.894531479413004,24.07
21.92203820954645,24.080000000000002
21.949542794432332,24.09
21.97705688502158,24.1
22.004576112588907,24.11
22.032099248962755,24.12
22.05962655215303,24.13
22.087158869173567,24.14
22.114696852860895,24.150000000000002
22.14223607937721,24.16
22.169777821721507,24.17
22.19732438938307,24.18
22.224877542374557,24.19
22.252438243650168,24.2
22.28000655386352,24.21
22.307577394198887,24.22
22.33515106611708,24.23
22.362727861776783,24.240000000000002
22.390308767952806,24.25
22.417894295410253,24.26
22.445484046035958,24.27
22.47307273846704,24.28
22.50066034829327,24.29
22.528247898326455,24.3
22.555836043740655,24.310000000000002
22.583424863284904,24.32
22.61101366904332,24.330000000000002
22.6385972483726,24.34
22.66617559901665,24.35
22.693749795200418,24.36
22.7213205859454,24.37
22.749525883384997,24.38
22.779849961490086,24.39
22.811679780343837,24.400000000000002
22.84392369050416,24.41
22.874431675112984,24.42
22.902860076800255,24.43
22.928356163643837,24.44
22.950409250109384,24.45
22.969164014795805,24.46
22.98550578951742,24.47
23.00020942053773,24.48
23.013839496854843,24.490000000000002
23.026754967221343,24.5
23.03915289989311,24.51
23.05112074733802,24.52
23.06268206001547,24.53
23.073830192578146,24.54
23.086623203178124,24.55
23.10182739065055,24.560000000000002
23.1196741570531,24.57
23.140243112621267,24.580000000000002
23.163502135596698,24.59
23.188651454778714,24.6
23.214728297584124,24.61
23.240723143905747,24.62
23.264579193833832,24.63
23.28636917051577,24.64
23.30554514069566,24.650000000000002
23.322042328217954,24.66
23.336293952596492,24.67
23.348763707482842,24.68
23.360051977811782,24.69
23.37066377184782,24.7
23.380955216221395,24.71
23.391134720090538,24.72
23.401293160863847,24.73
23.411442615205836,24.740000000000002
23.42155122582483,24.75
23.431568998795722,24.76
23.441444001524342,24.77
23.451130732619617,24.78
23.460593110086908,24.79
23.46980431520581,24.8
23.478745168982844,24.810000000000002
23.487402117939038,24.82
23.495765411920992,24.830000000000002
23.50382771112663,24.84
23.511974043350886,24.85
23.520282350863198,24.86
23.528485659522197,24.87
23.536451777164363,24.88
23.54412531854059,24.89
23.551474849024903,24.900000000000002
23.55846735133289,24.91
23.56506460826789,24.92
23.571248554731614,24.93
23.57701468420122,24.94
23.58236628141085,24.95
23.587310394056363,24.96
23.591855311245702,24.97
23.596005237387317,24.98
23.599743975753455,24.990000000000002
23.603059205015267,25.0
23.605944832602955,25.01
23.608409325674792,25.02
23.61047048295429,25.03
23.612146124868616,25.04
23.613448570470702,25.05
23.614386162572874,25.060000000000002
23.61500497912602,25.07
23.615363759007632,25.080000000000002
23.615505986615958,25.09
23.61548262934412,25.1
23.61537324314252,25.11
23.6152290640085,25.12
23.61507826481257,25.13
23.614933305600303,25.14
23.614797413284236,25.150000000000002
23.61466941271601,25.16
23.614546856337853,25.17
23.61442772120521,25.18
23.61431106677185,25.19
23.614197050791457,25.2
23.614086632052242,25.21
23.613981189106298,25.22
23.613882186165924,25.23
23.61379094007981,25.240000000000002
23.613708492183275,25.25
23.6136355633774,25.26
23.61357256328454,25.27
23.6135196273134,25.28
23.613476662867868,25.29
23.613443393760758,25.3
23.61341939811003,25.310000000000002
23.613404138991516,25.32
23.613396989123753,25.330000000000002
23.61339725144185,25.34
23.613404177189423,25.35
23.61341698260412,25.36
23.613434864702885,25.37
23.613457016242187,25.38
23.613482639676608,25.39
23.613510959845158,25.400000000000002
23.613541235129546,25.41
23.613572766902866,25.42
23.613604907181795,25.43
23.61363706448412,25.44
23.613668707965534,25.45
23.6136993699596,25.46
23.61372864707586,25.47
23.613756200026142,25.48
23.61378175235359,25.490000000000002
23.613805088235342,25.5
23.613826049522103,25.51
23.61384453216696,25.52
23.613860482183615,25.53
23.613873891261296,25.54
23.613884792149946,25.55
23.61389325391672,25.560000000000002
23.61389937716138,25.57
23.613903289267075,25.580000000000002
23.613905139750816,25.59
23.613905095768736,25.6
23.61390333782157,25.61
23.613900055697695,25.62
23.61389544468405,25.63
